"Abiotrophia","Acetobacter","Achromobacter","Acidaminococcus","Acinetobacter","Actinobacteria_unclassified","Actinomyces","Actinomycetales_unclassified","Aggregatibacter","Akkermansia","Alistipes","Allisonella","Allobaculum","Alloprevotella","Alloscardovia","Alphaproteobacteria_unclassified","Aminicenantes_unclassified","Anaerococcus","Anaerofustis","Anaerotruncus","Aneurinibacillus","Arcobacter","Atopobium","Bacillaceae_2_unclassified","Bacillales_unclassified","Bacilli_unclassified","Bacillus","Bacteria_unclassified","Bacteroidales_unclassified","Bacteroides","Bacteroidetes_unclassified","Barnesiella","Betaproteobacteria_unclassified","Bifidobacteriaceae_unclassified","Bifidobacterium","Bilophila","Blautia","Brevibacterium","Bulleidia","Burkholderiales_unclassified","Butyricicoccus","Butyricimonas","Calditerrivibrio","Caloramator","Campylobacter","Campylobacterales_unclassified","Candidatus_Saccharibacteria_unclassified","Capnocytophaga","Cardiobacterium","Catenibacterium","Catonella","Cetobacterium","Chitinophagaceae_unclassified","Chromatiaceae_unclassified","Cloacibacillus","Cloacibacterium","Clostridia_unclassified","Clostridiaceae_1_unclassified","Clostridiales_Incertae_Sedis_XI_unclassified","Clostridiales_unclassified","Clostridium_IV","Clostridium_sensu_stricto","Clostridium_XI","Clostridium_XIX","Clostridium_XlVa","Clostridium_XlVb","Clostridium_XVIII","Collinsella","Comamonadaceae_unclassified","Comamonas","Coprobacillus","Coriobacteriaceae_unclassified","Corynebacterium","Cryomorphaceae_unclassified","Deltaproteobacteria_unclassified","Desulfobacteraceae_unclassified","Desulfobulbaceae_unclassified","Desulfomicrobium","Desulfotomaculum","Desulfovibrio","Desulfovibrionaceae_unclassified","Desulfovibrionales_unclassified","Dialister","Dorea","Edwardsiella","Eggerthella","Eikenella","Enhydrobacter","Enterobacteriaceae_unclassified","Enterococcaceae_unclassified","Enterococcus","Enterorhabdus","Erysipelothrix","Erysipelotrichaceae_unclassified","Escherichia.Shigella","Eubacteriaceae_unclassified","Eubacterium","Facklamia","Faecalibacterium","Filifactor","Finegoldia","Firmicutes_unclassified","Flavobacteriaceae_unclassified","Flavobacteriales_unclassified","Flavobacterium","Flavonifractor","Fusobacteriaceae_unclassified","Fusobacteriales_unclassified","Fusobacterium","Gammaproteobacteria_unclassified","Gemella","Gemmobacter","Gordonibacter","Granulicatella","Haemophilus","Hallella","Helicobacter","Helicobacteraceae_unclassified","Holdemania","Howardella","Hydrogenophilus","Kingella","Klebsiella","Lachnospiraceae_unclassified","Lactobacillaceae_unclassified","Lactobacillales_unclassified","Lactobacillus","Lactococcus","Leptospira","Leptotrichia","Limnohabitans","Megamonas","Megasphaera","Meiothermus","Methylobacterium","Methylococcaceae_unclassified","Methylocystis","Mitsuokella","Moraxella","Moraxellaceae_unclassified","Mucispirillum","Mycoplasma","Neisseria","Neisseriaceae_unclassified","Odoribacter","Omnitrophica_unclassified","Oscillibacter","Oxalobacter","Oxalobacteraceae_unclassified","Paludibacter","Parabacteroides","Paraprevotella","Parascardovia","Parasutterella","Parvimonas","Pasteurellaceae_unclassified","Pediococcus","Pedobacter","Peptococcus","Peptoniphilus","Peptostreptococcaceae_unclassified","Peptostreptococcus","Phascolarctobacterium","Phenylobacterium","Plesiomonas","Polynucleobacter","Porphyromonadaceae_unclassified","Porphyromonas","Prevotella","Prevotellaceae_unclassified","Propionibacterium","Proteobacteria_unclassified","Proteus","Providencia","Pseudoflavonifractor","Pseudomonadaceae_unclassified","Pseudomonas","Pseudoxanthomonas","Psychrobacter","Pyramidobacter","Rhizobiales_unclassified","Rhodobacteraceae_unclassified","Roseburia","Rothia","Ruminococcaceae_unclassified","Ruminococcus","Ruminococcus2","Salmonella","Selenomonadales_unclassified","Selenomonas","Serratia","Shuttleworthia","Slackia","Solobacterium","Sphingobacteriaceae_unclassified","Sphingobacterium","Sphingobium","Sphingomonadaceae_unclassified","Sphingomonadales_unclassified","Spirochaetaceae_unclassified","Spirochaetales_unclassified","SR1_unclassified","Staphylococcus","Streptococcaceae_unclassified","Streptococcus","Sutterella","Symbiobacterium","Synergistaceae_unclassified","Syntrophobacteraceae_unclassified","Thauera","Thermodesulfovibrio","Thermolithobacter","Thermotoga","Thiofaba","Treponema","Trichococcus","Turicibacter","Varibaculum","Veillonella","Veillonellaceae_unclassified","Vibrio","Weissella"
0,0.31,0.83,0,0,0,0.67,0.75,0,0.78,5.01,0,0,0,0,0,0.27,0,0,1.16,0.74,0,0,0,0,0,0.25,19.47,3.6,293.03,0.47,0,1.45,0,24.53,1.85,136.54,0,0,0.44,0,4.32,0,0,0,0,0.57,1.68,0,0.74,0,0,0,0.29,0,0,0.25,1.94,0,17.87,0,0.57,4.87,0,16.28,0.82,0,3.77,0,0,0,0,0,0,0.24,0,0,0,0.67,0.32,0,0,1.45,20.39,0.63,3.25,0,0,1.23,0,4.26,0,0,14.52,3.31,0,0,0,73.2,0,0,4.98,0,0,0,14.65,0.51,0,6.62,0.33,1.85,0,0,0,0.92,0,0,0,1.16,0,0.3,0,2.56,133.19,0,1.02,2.09,0,0,0.28,0,1.55,1.37,0,0.3,0,0,1.65,0,0,0,0,1.57,0.27,6.58,0.26,8.51,0,0,0,31.26,0.61,0,0.23,4.1,0,0,0,0,0,0,4.72,12.97,0,0,0,3.91,1.89,12.23,0.28,0,0.25,0,0,0,0,0.31,0,0,0.25,0.32,0,3.31,1.59,50.71,1.35,0,0,0.79,0,0.23,0,0,0,0,0,0.39,0,0,0.5,0,0,0,3.04,10.19,1.57,0.61,0,0,0,0.25,0,0.59,0,0,0,0,0,0.55,1.11,0,5.78
0,0,0,0,0,0,0.46,0,0,0,0,0,0,0,0,0,0,1.06,0,0,0,0,0,0,0,0,0,0.51,0,64.15,0,0,0,0,0,0,490.32,0,0,0,0,0,0,0,0,0,0,0,0,0,0,10.09,0,0,0,0,0.58,1.51,0,15.98,0,5.86,24.12,0,0.98,0,69.31,0,0,0,0,0,0,0,0,0,0,0,0,0,0,0,0,16.55,0,0,0.51,0,30.91,0,3.48,0,0,0,126.15,0,0,0,1.82,0,0.55,57.82,0,0,0,4.12,0,0,2.13,0,0,0,0,0,0,0,0,0,0,0,0,0,11.08,67.16,0,0,0.5,0,0,0,0,0,0,0,0,0,0,0,0,0,0,0,0,0,0,0,0,0,0,0,0,0,0,0,0,0,0,0,0,0,0.54,0,0,0,1.44,0,0,0,0,0,0.41,0,2.59,0,0,0,0,0,0,0,0,0,0,0,0.47,0,0,0,0,0,0,0,0,0,0,0,0,0,0,0,0,0,0,0,2.92,0,0,0,0,0,0,0,0,0,0,0,1.41,0,0,0,0,0.51
0,0,0,0,0,0,0,0,0,0.77,11.67,0,0,0,0,0,0,0,0,0,0,0,0,0,0,0,0,19.63,0.4,124.69,0,0,0,0,44.76,0,49.4,0,0,0,0,0,0,0,0,0,0,0,0,0,0,0,0,0,0,0,0,0,0,7.06,0.42,0,0,0,5.45,0,4.3,2.02,0,0,0,0.4,0,0,1,0,0,0,0,0,0,0,0,13.87,0,0,0,0,0,0,0.37,0,0,0,2.16,0,0,0,268.12,0,0,1.48,0,0,0,1.7,0,0,0.34,0,0,0,0,0,0.34,0,0,0,1.25,0,0,0,0.64,381.75,0,0,0,0,0,0,0,0.31,0,0,0,0,0,0,0,0,0,0,0,0,0,0,3.26,0,0,0,7.42,0,0,0,0,0,0,0,0,0,0,1.07,0,0,0,0,0,0,0,0,0,0,0,0,0,0,0,0,0,0,0,0,9.97,0,8.32,22.3,0,0,2.64,0,0,0,0,0,0,0,0,0,0,0,0,0,0,0,18.72,0,0,0,0,0,0,0,0,0,0,0,0,0,0,0,0,0
0,0,0,0,0,0,1.55,0,0,0,6.21,2.22,0,0,0,0,0,0.35,0,0.9,0,0,0,0,0,0,0,0.4,0,148.24,0,0,0,0,66.96,1.54,25.71,0,0,0,0,1.9,0,0,0,0,0,0,0,0,0,0,0,0,0,1.2,0,0,0,5.22,0,0,0,0,4.87,0,0.36,25.19,0,0,0,0,0,0,0,0,0,0,0,0,0,0,0.77,20.62,0,0.39,0,0,0,0,0,0,0,6.5,0,0.34,2.08,0,164.69,0.39,0,0,0,0,0,6.05,0.41,0,34.72,0,5.34,0,0,0.87,0.38,0,0,0,0,0,0,0,0.4,115.95,0,0,0,0,0,0,0,64.89,0,0,0,0,0,0,0,0,0,0,0,0,1.22,0,1.62,0,0,0,14.02,0.4,0.39,0,1.22,0,0,0,0,0,0,16.17,6.3,0,0,0,0,163.47,62.92,2,0,0,0,0,0,0,0,0,0,0,0,0,0,0,15.09,0,0.38,0,0,0,0,0,0.76,0.4,0,0,0,0,0.32,0,0,0,0,0,3,9.15,0,0,0,0,0,0,0.47,0,0,0,0,0,0,0,0,1.09
0,0,0,0,0,0,0,0,0,0,0,0,0,0,0,0,0,0,0,0,0,0,0,0,0,0,0,10.61,0,298.98,1.86,0,0,0,22.62,0,159.75,0,0,0,0,1.92,0,0,0,0,0,0,0,0,0,0,0,0,0,0,0,0,0,5.74,0,0,0,0,0.45,0,4.84,0,0,0,0,0,0,0,0,0,0,0,0,0,0,0,1.87,39.82,0,0.94,0,0,0,0,0,0,0,0,1.01,0.45,0,0,126.81,0,0,0,0,0,0.39,0,0,0,0,0.48,0,0,0,0,0,0,0,0,0.42,0,0,0,0.41,227.43,0,0,0,0,0,0,0.47,0.46,0,0,0,0,0,0,0,0,0,0,0,0,0,0,0,0,0,0,21.24,0,0,0,0,0,0,0,0,0,0,1.85,0,0,0,0,0,0,0,0,0,0,0,0,0,0,0,0,0,0,0,0,0.9,0,83.89,0.49,0,0,0,0,0,0,0,0,0,0,0,0.92,0,0,0,0,0,0,0.56,0,0,0,0,0,0,0,0,0,0,0,0,0,0,0,0,0.42
0,0,0,0,0,0,0,0,0,0,0,0,0,0,0,0,0,0,0,0,0,0,0,0,0,0,0,3.1,0,327.18,0,0,0,0,43.95,0.78,150.42,0,0,0,0,0,0,0,0,0,0,0,0,0,0,0,0,0,0,0,0,0,0,4.85,1.38,0,0,0,106.3,9.63,11.91,0,0,0,0,0,0,0,0,0,0,0,0,0,0,0,0,0.53,0,2.28,0,0,0.82,0,0,0,0,3.83,3.31,2.63,0,0,114.11,0,0,8.87,0,0,0,5.16,0,0,0.4,0,0,0,0,0,0.51,0,0,0,0,0,0,0,0.44,143.2,0,0,0,0,0,0,0,0,0,0,0,0,0,0,0,0,0,0,0.43,0,2.65,0,3.71,0,0,0,28.86,0,0,4.46,0,0,0,0,0,0,0,0,4.2,0,0,0,15.54,0,1.4,0,0,0,0,0,0,0,0,0,0,0,0,0,0,0,1.85,0,0,0,0,0,0,0,0,0,0,0,0,0,0,0,0,0,0,0,9.31,0,0,0,0,0,0,0,0,0,0,0,0,0,0,0,0,0
0,0,0,0,0,0,0,0,0,0,1.72,0,0,0,0,0,0,0,0,0,0,0,0,0,0,0,0,181.48,17.69,59.29,5.09,1.23,0,0,2.68,0.48,64.97,0,0,0,0,0.44,0,0,0,0,0,0,0,5.53,0,0,0,0,0,0,0.46,8.75,0,50.38,3.25,0.47,27.35,0,0.42,0,0.44,10.92,0,0,0,22.72,0,0,0,0,0,0,0,0,13.37,0,12.24,3.43,0,0,0,0,0,0,0,0,0,2.25,2.09,0,0,0,27.1,0,0,18.67,0,0,0,0.45,0,0,0,0,0,0,0,0,0,0,0,0,0,0,0,0,12.17,193.83,0,0,0.49,0.45,0,0,0,0,1.33,0,0,0,0,0,0,0,0,0,0,0,0.45,0,23.38,0,0,0,14.05,0.37,0,0,0,0,0,0,0,0,0,0,0,0,0,0,0.5,0,21.02,23.89,0,0,0,0,0.51,0,0,0,0,0,0,0,0.45,0,156.53,6.04,0,0,6.96,0,0,0,0,0,0,0,0,0,0,0,0,0,0,0,8.06,0,0,0,0,0,0,0,0,0,0,0,1.26,0,0,0,0,0.9
0,0,0,0,0,0,0,0,0,0.44,5.02,0,0,0,0,0,0,0,0,0,0,0,0,0,0,0,0,26.72,6.35,152.91,3.26,1.43,0,0,140.58,0.93,47.18,0,0,0,0,0,0,0,0,0,0,0,0,0,0,0,0,0,0,0,0,0,0,19.8,0,0,16.24,0,0,0,0,32.64,0,0,0,2.41,0,0,0,0,0,0,0,0,0,0,0,10.6,0,0,0,0,0,0,0,0,0,8.15,0,0,0,0,272.77,0,0,1.47,0,0,0,1.4,0,0,0,0,0.42,0,0.55,0,1.9,0,0,0,0,0,0,0,0,179.94,0,0,0,0,0,0,0,0,0,0,0,0,0,0,0,0,0,0,0,0,0,0,0.49,0,0,0,14.7,1.82,0,0,0,0,0,0,0,0,0,0,20.48,0,0,0,1.75,0,0,0.43,0,0,0,0,0,0,0,0,0,0,0,0,6.02,0.4,21.61,9.72,0,0,0,0,0,0,0,0,0,0,0,0,0,0,0,0,0,0,3.72,0,0,0,0,0,0,0,0,0,0,0,3.75,0,0,0,0,0
0,0,0,0,0,0.9,0,0.58,0,0,37.54,0,0,0,0,0,0,0,0,0,0,0,0.47,0,0,0,0,3.66,7.8,121.66,0,0,0.49,0,0,0,21.34,0,0,0,0,9.5,0,0,0,0,0,0.9,0,2.86,0,0,0,0,0,0,0,0,0,8.79,0.49,0,9.53,0,2.19,0,0.41,1.29,0,0,0,0.38,0,0,0,0,0,0,0,0,0,0.46,0,6.97,0,0,0,0,0.43,0,0,0,0,19.73,0,0,0,0,107.91,0,0,18.38,0,0,0,0,0,0,1.06,0,0,0,0,0,0,0,0,0,0,0.52,0,0,0,225.41,0,0,0,0,0,0,0,0.48,0,0,0,0,0,0,0,0,0,0,0,0,2.19,0,5.21,0,0,0,6.9,0.95,0,14.37,0,0,0,0,0,0,0,0,0,0,0,0,1.44,2.84,317.73,0.41,0,0,0,0,0,0,0,0,0,0,0.39,0,0.43,0,25.84,18.33,0,0,0,0,0,0,0,0.88,0,0,0,0,0,0,0,0,0,0,0.96,0,0,0,0,0,0,0,0,0,0,0,0.52,0,1.47,0,0,5.01
0,0,0,0,0,0,0,0,0,1.8,10.01,0,0,0,0,0,0,0,0,0,0,0,0,0,0,0,0,8.81,0,201.13,0,0,0,0,5.26,1.83,103.41,0,0,0.55,0,0,0,0,0,0,0,0,0,33.5,0,0,0,0,0,0,0,0,0,9.29,0,0,19.67,0,10.63,0,0,8.27,0,0,0,0.58,0,0,0,0,0,0,0,0,0,0,0.63,34.35,0,1.83,0,0,0,0,0,1.33,0,3.53,1.21,0,0,0,104.81,0,0,1.14,0,0,0,1.12,0,0,52.68,0,6.68,0,0,0,0,0,0,0,0,0,0,0,0,236.27,0,0,0,0,0,0,0,40.33,0,0,0,0,0,0,0,0,0,0,0,0,1.77,0,3.69,0,0,0,33.99,0,0,0,0.63,0,0,0,0,0,0,6.2,16.26,0,0,0,0,12.66,0,0,0,0,0,0,0,0,0,0,0,0,0,0,1.75,0,13.6,0,0,0,0,0,0,0,0,0.53,0,0.6,0,0,0,0,0,0,0,0,25.67,0,0,0,0,0,0,0,0,0,0,0,0,0,0,0,0,0
0,0,0,0,0,0,0,1.18,0,0,0,0,0,0,0,0,0,0,0,0,0,0,0,0,0,0,0,13.75,0,0,0,0,0,0,0,0,0,0,0,0,0,0,0,0,0,0,0,0,0,0,0,0,0,0,0,0,0,1.13,0,0,0.59,2.31,1.59,0,0,0,0,0,0,0,0,0,0,0,0,0,0,0,0,0,0,0,0,0,0,0,0,0,56.71,0.67,704.8,0,0,0,118.65,0.57,0,0,4.48,0,0,11.59,0,0,0,0,0,0,0,0,0,0,0,0,0,0,0,0,0,0,0,0,54.84,0.66,0,16.13,0,0,0,0,0,0,0,0,0,0,0,0,0,0,0,0,0,0,0,0,0,0,0,0,0,0,0,0,0,0,0,0,0,0,0,0,0,0,0,0,0,0,0,0,0,0,0,0,0,0,0,0,0,0,0,0,0,0,23.1,0,0,0,0,0,0,0,0,0,0,0,0,0,0,0,0,0,0,0,4.66,0,0,0,0,0,0,0,0,0,0,0,0,0,0,0,0,0.59
0,0,0,0,0,0.5,0,0,0,0.4,7.92,0.4,0,0,0,0,0,0,0,0,0,0,0,0,0,0,0,9.29,0,112.47,0.47,0,0,0.38,216.14,3.75,127.13,0,0,0,0,0.52,0,0,0,0,0,0,0,0,0,0,0,0,0,0,0.4,66.49,0,11.36,0,0,2.47,0,0.4,0,0,70.2,0,0,0,0.41,0,0,0,0,0,0,0,0,0,0,0,4.08,0,0.9,0,0,0,0,0,0,0.37,7.15,0.83,0,0,0,0.95,0,0,7.81,0,0,0,7.4,0,0,0,0,0,0,0,0.51,0,0,0,0,0,0,0,0,0,181.16,0,0,0,0,0,0,0,140.77,0,0,0,0,0,0,0,0,0,0,0,0,0,0,0,0,0,0,3.2,0,0,0,0,0,0,0,0,0,0,0,14.33,0,0,0,0,0,0,0,0,0,0,0,0,0,0,0,0,0,0,0,0,0,14.51,0.5,0,0,0,0,0,0,0,0,0,0,0,0,0,0,0,0,0,0.51,1.46,0,0,0,0,0,0,0,0,0,0,0,0,0,0,0,0,0.46
0,0,0,0,0,0,0.3,0,0,0,1.32,0,0,0,0,0,0,0,0,0,0,0,0,0,0,0,0,44.33,0,9.86,0,0,0,0,0,2.87,144.48,0,0,0,0,0,0,0,0,0,0,0,0,0,0,0,0,0,0,0,0,1.22,0,13.34,1.69,0,3.58,0,13.76,0,0.68,0,0,0,0,2.55,0,0,0,0,0,0,0,0,0,0,0,30.14,0,0.59,0,0,0.36,0,0,0,0,3.38,8.61,0.77,0,0,175.08,0,0,8.3,0,0,0,8.57,0,0,0,0,0,0,0,0,0,0,0,0,0.45,0,0,0,8.64,429.09,0,0,0,0,0,0,0,0,0,0,0,0,0,0,0,0,0,0,0,0,0.99,0,8.26,0,0,0,2.08,0,0,0.34,0,0,0,0,0,0.29,0,0,17.11,0,0,0,0,0,0,0,0,0,0,0,0.56,0,0,0,0,0,0,0,1.65,0,52.8,18.69,0,0,0,0,0,0,0,0,0,0,0,0,0,0,0,0,0,0,0.6,0,0,0,0.33,0,0,0,0,0,0,0,0.34,0,0,0,0,0
0,0,0,0,0,0.52,0,0,0,0,9.91,0,0,0,0,0,0,0.48,0,0,0,0,0,0,0.92,0,0,15.45,0.42,114.27,0,0,0,0,0.84,0.92,108,0,0,0,0,0,0,0,0,0,0,0,0,0,0,0,0,0,0,0,0,1.78,0,11.08,0,0,17.37,0,0.86,0,0.47,12.47,0,0,0,1.84,0,0,0,0,0,0,0,0,0,0,0,30.56,0,1.49,0,0,0,0,0,0,0,3.03,0.44,0,0,0,213.48,0,0,9.53,0,0,0,2.32,0,0,2.72,0,5.8,0,0,0,0,0,0,0,0,0,0,0,0,279.42,0,0,0,0,0,0,0,0,0,0,0,0,0,0,0,0,0.45,0,0,0,0.49,0,15.57,0,0,0,1.74,0,0,0,3.24,0,0,0,0,1.31,0,19.89,1.88,0,0,0,0.89,0,2.72,0.45,0,0,0,0,0,0,0,0,0,0,0,0,3.23,0,107.39,9.6,0,0,0,0,0,0,0.51,0,0,0,0,0,0,0,0,0,0,0,0.88,0,0,0,0,0,0,0,0,0,0,0,0.88,0,0,0,0,0.49
0,0,0,0,0.51,0,0.49,0,0,0,3.39,0,0,0,0,0,0,0,0,0,0,0,0,0,0,0,0,0.52,0,95.1,0,0,0,0,1,3.6,74.92,0,0,0,0,0,0,0,0,0,0,0,0,0,0,0,0,0,0,0,0,0,0,2.48,0,0,0,0,1.04,0,0.53,0,0,0,0,0,0,0,0,0,0,0,0,0,0,0,0,5.36,0,0.51,0,0,0,0,1.37,0,0,0,45.85,0,0,0,0.49,0,0,3.29,0,0,0,3.45,4.23,0,372.86,0,0,0,0,0,0,0,0,0,0.45,0,0,0,0.47,256.85,0,0,0.87,0,0,0,0,0,0,0,0,0,0,0,0,0,0,0,0,0,0,0,6.74,0,0,0,59.26,0,0,0,0,0,0,0,0,0,0,5.15,46.78,0,0,0,0,0,0,0,0,0,0,0,0,0,0,0,0,0,0,0.92,0,0,0.82,0,0,0,0,0,0,0,0,0,0,0,0,0,0,0,0,0,0,0.58,17.18,0,0,0,0,0,0,0,0,0,0,0,0,0,0,0,0,0.94
0,0,0,0,0,0,0,0,0,2.05,1.36,1.57,0,0,0,0,0,0,0,0,0,0,0,0,0,0,0,14.18,0.41,32.02,0,0,0,0,0,5.01,69.71,0,0,0,0,0,0,0,0,0,0,0,0,0,0,0,0,0,0,0,0,0,0,31.18,0,4.01,13.48,0,0,0,0.48,6.04,0,0,0,0,0,0,0,0,0,0,0,0,0,0,0,13.67,0,0.42,0,0,3.74,0,13.05,0,0,2.96,1.45,0,0,0,220.85,0,0,15.15,0,0,0,3.66,0,0,0,0,0,0,0,0.53,0,0,0,0,0,0,0,0,3.85,136.62,0,0.44,51.91,2.67,0,0,0,0,0,0,0,0,0,0,0,0,0,0,0,0,0,0,10.37,0,0,0,7.55,0,0,0,0,0,0,0,0,0,0,0,0,0,0,0,0,0,153.53,28.91,0,0,0,0,0,0,0,0,0,0,0,0,0,0,44.36,9.99,0,0,34.89,0,0,0,0,0,0,0,0,0,0,0,0,0,0,2.42,54.02,0,0,0,0,0,0,0,0,0,0,0,0,0,0,0,0,19.49
0,0,0,0,3.59,0,0,0,0,0,0.31,0,0,0,0,0,0,0,0,0,0,0,0,0,0,0,0,17.35,0,10.11,0,0,0,0,21.85,0,264.68,0,0,0,0,0,0,0,0,0,0,0,0,0,0,0,0,0,0,0,0,0,0,20.76,0,0,8.21,0,0.6,0,0,34,0,0,0,0.68,0,0,0,0,0,0,0,0,0,0,4.54,23.7,0,0.32,0,0,1.55,0,0,0,0,14.24,1.32,0,0,0,296.01,0,0,0,0,0,0,6.65,0,0,0,0,0,0,0,0,0,0,0,0,2.66,0,0,0,1.49,169.42,0,0,0,3.68,0,0,0,0,0,0,0,0,0,0,0,0,0,0,0,0,0,0,0,0,0,0,1.33,0,0,0,0,0,0,0,0,0,0,0.29,1.81,0,0,0,0,0,1.29,0,0,0,0,0,0,0,0,0,0,0,0,0,0.43,0,58.62,39.36,0,0,0,0,0,0,0,0,0,0,0,0,0,0,0,0,0,0,2.8,0,0,0,0,0,0,0,0,0,0,0,0.67,0,0.34,0,0,3.34
0,0,0,0,0.52,0,0,0,0,34.8,0.52,0,0,0,0,0,0,0,0,0,0,0,0,0,0,0,0,0,0,611.36,0,0,0,0,0,0,2.33,0,0,0,0,0,0,0,0,0,0,0,0,0,0,0,0,0,0,0,0,0.65,0,13.5,0,9.4,7.13,0,176.71,0,0.56,0,0,0,0,0,0,0,0,0,0,0,0,0,0,0,0,0,0,1.17,0,1.24,2.29,0,27.95,0,0,0,43.65,0,0,0,0.63,0,0,0,0,0,0,4.96,0,0,0,0,0,0,0,0,0,0,0,0,0,0,0,0,18.53,31.49,0,0,0.65,0,0,0,0,0,0,0.6,0,0,0,0,0,0,0,0,0,0,0,0,0.62,0,0,0,8.72,0,0,0,0,0,0,0,0,0,0,0,1.21,0,0,0,0,0,0.55,0,0,0,0,0,0,0,0,0,0,0,0,0,1.92,0,0,0,0,0,0,0,0,0,0,0,0,0,0,0,0,0,0,0,0,0,13.69,0,0,0,0,0,0,0,0,0,0,0,0,0,0.65,0,0,0
0,0,0,1,0,0,0,0,0,0,4,1,0,0,0,0,0,0,0,0,0,0,0,0,0,0,0,21,7,95,4,0,0,0,3,0,32,0,0,0,0,0,0,0,0,0,0,0,0,0,0,0,0,0,0,0,0,0,0,6,0,0,0,0,0,0,0,3,0,0,0,0,0,0,0,0,0,0,0,1,0,0,0,9,0,0,0,0,2,0,8,0,0,1,0,0,0,0,92,0,0,2,0,0,0,5,0,0,0,0,0,0,0,0,1,0,0,0,0,0,0,0,57,290,0,0,0,0,0,0,0,0,0,0,0,0,0,0,0,0,0,0,0,0,0,0,9,0,0,0,8,0,0,0,0,0,0,0,0,0,0,0,0,0,0,0,0,0,203,2,0,0,0,0,0,0,0,0,0,0,0,0,0,0,28,11,0,0,9,0,0,0,0,0,0,0,0,0,0,0,0,0,0,0,100,0,0,0,0,0,0,0,0,0,0,0,0,0,0,0,0,3
0,0,0,0,0,0,0,0,0,0.37,0.68,0,0,0,0,0,0,1.44,0,0,0,0,0,0,0,0,0,0.36,0,260.46,0,0,0,0,0,0,0,0,0,0,0,0,0,0,2.34,0,0,0,0,0,2.45,0,0,0,0,0,0,0,0,1.4,0,0,0,0.33,2.13,18.19,0,0,0,0,0,0,0,0,0,0,0,0,0,0.36,0,0,3.49,0,0,0.4,0,0,0,0,0,0,0,0,0,0,0,0,2.78,0,3.74,0,0,0,0,0.45,1.47,0,68.22,0,0,0,0,4.48,0.7,0,0,0,0,0,0,0,0.66,5.31,0,0,0,0.35,0,0,0,0,0,0,0,0,0,0,0,0,0,0,0,0,0,0,0,0,0,0,6.89,0,0,0,5.45,0,0,0,0,3.24,0,86.9,0,0,0,0,0,501.56,5,0,0,0,0,0,0,0,0,0,0,0,0,0,0,0,1.08,0.72,0,0,0.32,0,0,0,0,0,0,0,0,0,0,0,0,0,0,0,24.28,0,0,0,0,0,0,0,0,0,0,0,0,0,0,0,0,0
0,0,0,0,0,0,0,0,0,0,0,0,0,0,0,0,0,0,0,1.15,0,0,0,0,0,0,0,19.66,0.34,231.65,0,0,0,0,0,0.41,48.26,0,0,0,0,0.46,0,0,0,0,0,0,0,0,0,0,0,0,0,0,0,0,0,8.44,0,0,2.82,0,5.62,0,0,0.3,0,0,0,0.36,0,0,0,0,0,0,0,0,0,0,0,21.07,0,0.44,0,0,0,0,0,0,0,15.55,1.01,0,0,0,228.23,0,0,5.6,0,0,0,1.09,0,0,1.16,0,0,0,0,0,0,0,0,0,0.43,0,0,0,1.55,323.24,0,0,0,0,0,0,0,0.48,0,0,0,0,0,0,0,0,0,0,0.29,0,0.68,0,5.68,0,0,0,10.04,0.8,0,3.5,0,0,0,0,0,0,0,0,0,0,0,0,0,0,0,0,0,0.34,0,0,0,0,0,0,0,0,0,0,0.75,0,60.89,6.33,0,0,5.22,0,0,0,0,0,0,0,0,0,0,0,0,0,0,0,3.75,0,0,0,0,0,0,0,0,0,0,0,0.41,0,0,0,0,0
0,0,0,0,0,0,0.77,0,0,0,0.32,0,0,0,0,0,0,0.78,0,0,0,0,0,0,1.06,0,0,18.4,0.33,56.34,0,0,0,0,0.44,0.38,86.54,0,0,0,0.41,0,0,0,0,0,0,0,0,0,0,0,0,0,0,0,0.42,0.38,0,57.74,0.5,1.37,50.12,0,1.8,0,2.03,34.3,0,0,0,0.8,0,0,0,0,0,0,0,17.98,0,0,0,39.09,0,0.77,0,0,0.31,0,0,0,0,0,30.43,0,0,0,200.36,0,0,1.76,0,0,0,0,0,0,0.42,0,0,0,0,0.48,0,0,0,0,0.45,0,0,0,0,167,0,0,1.2,0,0,0,0,0,0,0,0,0,0,0,0,0,0,0,0,0,0.32,0,4.82,0,0,0,2.56,0,0,0,2.38,0,0,0,0,0.74,0,14.81,0,0,0,0,0,5.01,1.64,17.24,0,0,0,0,0,0,0,0,0,0,0,0,39.29,0,127.74,17.08,0,0,0,0,0,0,0,0,0,0,0,0,0,0,0,0,0,0,5.36,0,0,0,0,0,0,0,0,0,0,0,2.04,0,0.4,0,0,1.09
0,0,0,0,4.35,0,1,0,0,0,0,0,0,0,0,0,0,0,0,0,0,0,0,0,0,0,0,1.19,0,1.88,0,0,0,0,16.46,0,203.1,0,0,0,0,0,0,0,0,0,0,0,0,0,0,0,0,0,0,0,0,3.4,0,0.4,0,0.94,18.72,0,0,0,0,13.73,0,0,0,0,0,0,0,0,0,0,0,0,0,0,0.43,85.72,0,0,0,0,0,0,0,0,0,15.29,0.97,0,0,0.47,265.07,0,0,0.56,0,0,0,0,0.42,0,5.9,0,6.66,0,0,4.04,0.45,0,0,0,0,0,0,0,0,198.67,0,0,4.88,0,0,0,0,0,0,0,0,0,0,0,0,0,0,0,0,0,0,0,0.5,0,0,0,0,0,0,0.42,0,0,0,0,0,4.46,0,27.08,0,0,0,0,0.4,0,0.44,0,0,0,0,0,0,0,0,0,0,0,0,0,1.29,0,109.62,0,0,0,0,0,0,0,0,5.14,0,0,0,0,0,0,0,0,0.51,0,9.87,0,0,0,0,0,0,0,0,0,0,0,3.57,0,0,0,0,0
0,0,0,0,0,0,0,0,0,0,11.51,0,0,0,0,0,0,0,0,0,0,0,0,0,0,0,0,19.3,0,20.8,0,0,0.51,0,0,0,83.74,0,0,0,0,0,0,0,0,0,0,0,0,0,0,0,0,0,0,0,0,0,0,13.27,0,0,2.82,0,0.59,1.13,0,0,0,0,0,0,0,0,0,0,0,0,0,0,0,0,14.7,37,0,1.1,0,0,0,0,0,0,0,8.33,90.35,0,0,0,308.37,0,0,4,0,0,0,6.75,0,0,0,0,0,0,0,0.48,0,0,0,0,0,0,0,0,6.2,200.87,0,0,0,0,0,0,0,0,0,0,0,0,0,0,0,0.53,0,0,0,0,0,0,7.42,0,0,0,9.15,0,0,0,0,0,0,0,0,0,0,0,0,0,0,0,0,0,21.21,0,0,0,0,0,0,0,0,0,0,0.51,0,0,3.95,0,110.46,29.17,0,0,0,0,0,0,0,0,0,0,0,0,0,0,0,0,0.48,0,1.63,1.06,0,0,0,0,0,0,0,0,0,0,0,0,0,0,0,0.61
0,0,0,0,0,0,0.45,0,0,0.53,14.21,0.49,0,0,0,0,0.45,0,0,0,0,0,0,0,0,0,0,93.68,0,76.01,0,1.93,0,0,117.52,1.77,66.95,0,0,0,0,0.47,0,0,0,0,0,0,0,0,0,0,0,0,0,0,0,0,0,34.82,0,0,4.12,0,8.96,0,0.45,34.21,0,0,0,0,0,0,0,0,0,0,0,0,0,0.5,0,31.69,0,0.46,0,0,0.47,0,0.99,0,0,4.44,4.6,0,0,0,120.14,0,0,0,0,0,0,9.86,0,0,0.52,0,0,0,0,0.44,0,0,0,0,0.42,0,0,0,0,203.61,0,0,0,0,0,0,0,16.46,0,0,0,0,0,0,0,0,0,0,0,0,0.94,0,7.4,0,0,0,44.42,0,0,0.4,0,0,0,0,0,0,0.52,0,14.92,0,0,0,0,0.49,52.38,0,0,0,0,0,0,0,0,0,0,0,0,0,0,0,31.07,0,0.52,0,0,0,0,0,6.26,0,0,0,0,0,0,0,0,0,0,0,5.2,1.86,0,0,0,0,0,0,0,0,0,0,0,0,0,0,0,0
0,0,0,0,0,0,5.04,4.35,0,0,0,0,0,0,1.28,0,0,0,0,0,0,0,0,0,0,0,0,0,0,323.6,0.66,0,0,0,51.91,0,0,0,0,0,0,0,0,0,0,0,0,0,0,0,0,0,0,0,0,0,0,0,1.27,1.32,6.1,3.22,2.01,0,0,0,0,0,0,0,0,0,0,0,0,0,0,0,0,0,0,0,0,0,0,0,0,0,11.86,0.56,307.99,0,0,10.83,42.35,0,0,0,3.02,0,0,0,0,0,0,0,0,0,0,0,0,0,0,0,0,0,0,0,0,0,0,0,0.66,7,0,5.58,217.18,0,0,0,0,0,0,0,0,0,0,0,0,0,0,0,0,0,0,0,0.66,0,0,0,0,0,0,0,0,0,0,0,0,3.28,0,0,0,0,0,0,0,0,2.59,0,0,0,0,0,0,0,0,0,0.59,0,0,0,0,0,0,0,0,0,0,0,0,0,0,0,0,0,0,0,0,0,0,0,0,0,1.88,0,0,0,0,0,0,0,0,0,0,0,0,0,0,0,0,1.21
0,0,0,0,1.38,1.05,0.47,0.94,0,0,1.23,0,0,0,0,0,0,0,0,0,0,0,0,0,0,0,0,34.47,0,25.59,0,0,0,0,34.29,0.47,99.89,0,0,0,0,0,0,0,0,0,0,0,0,0,0,0,0,0,0.88,0,0,4.62,0,20.09,0.45,0,38.12,0,1.71,0,0,6,0,0,0,0.45,0,0,0,0,0,0,0,0.47,3.6,0,1.64,55.09,0,1.88,0,0,0,0,2.8,0,0,14.72,5.8,0,0,0,276.76,0,0,1.37,0,0,0,0,0,0,0.9,0,1.64,0,0,0,0,0,0,0,0,0.95,0,0,0,193.72,0,0,12.13,0,0,0,0,0,0,0,0,0,0,0,0,0,0,0,0,0,0,0,3.04,0,0,0,1.76,0,0,0,19.39,0,0,0,0,0,0,1.39,4.74,0,0,0,0,0.56,0.87,0,0,0,0,0,0,0,0,0,0,0,0,0,55.35,0,42.56,23.5,0,0,0,0.47,0,0,0,0,0,0,0,0,0,0,0,0,0,0,17.06,0,0,0,0,0,0,0,0,0,0,0,1.3,0,0.44,0,0,0
0,0,0,0,0,0,0,0,0,0,0,0,0,7.33,0,0,0,0.58,0,0,0,0,0,0,0,0,0,0.96,0,341.94,0,0,0,0,1.72,2.38,123.63,0,0.52,0,0,0,0,0,0,0,0,0,0,0,0,0,0,0,0,0,0,0,0,14.85,0,0,0.5,0,0,0,11.81,1.04,0,0,0,0,0,0,0,0,0,0,0,0,0,0,0.51,18.84,0,0,0,0,0.5,0,0,0,0,1.64,12.77,1.12,0,0,1.01,0,0,3.43,0,0,0,16.22,0,0,31.51,0,0.58,0,0,0,0,0,0,0,4.97,0,0,0,0,251.44,0,0.55,0.57,0,0,0,0,0,0,0,0,0,0,0,0.51,0,0,0,0,0,2.5,0,0,0,0,0,62.44,0,0,16.01,0,0,0,0,0,0,0,27.69,0,0,0,0,0.48,1.59,1.01,0,0,0,0,0,0,0,0,0,0,0,0,0,0.47,0,1.5,0,0,0,0,0,0,0,0,0,0,0,0,0,0,0,0,0,0,0,47.87,0,0,0,0,0,0,0,0,0,0,0,0,0,3.01,0,0,0
0,0,0,0,0,0.45,0,0,0,0,16.05,0.4,0,0,0,0,0,0.34,0,0,0,0,0,0,0,0,0,22.63,1.77,50.18,0,0,0.44,0,9.35,0.88,99.97,0,0,1.29,0,2,0,0,0,0,0,0,0,0,0,0,0,0,0,0,0,0,0,17.95,0.93,0,1.14,0,1.72,0,0,6.75,0,0,0,0.86,0,0,0,0,0,0,0,0,0,0,43.04,28.42,0,0,0,0,0,0,0,0,0,8.39,5.85,0,0.45,0,276.8,0,0,3.13,0,0,0,5.69,0,0,5.14,0,0,0,0,3.05,0,0,0,0,0.41,0.76,0,0,6.61,163.57,0,0,0,0,0,0.95,0,3.05,0,0,0,0,0,0,0,0,0,0,0,0,0.41,0,5.7,0,0,0,11.63,0.9,0,0,4.99,0,0,0,0,0,0,26.32,0,0,0,0,0,11,87.18,0,0,0,0,0,0,0,0,0,0,0.39,0,0,1.67,0,40.11,25.3,0,0,0,0,0,0,0,0,0,0,0,0,0,0,0,0,0,0,4.92,7.07,0,0,0,0,0,0,0,0,0,0,0,0,0,0,0,0
0,0,0,0,0,0,0,0,0,0,0.77,0,0,0,0,0,0,0,0,0,0,0,0,0,0,0,0,2.24,1.04,22.42,0.39,0,0,0,7.47,2.17,117.57,0,0,1.38,0,0,0,0,0,0,0,0,0,0,0,0,0,0,0,0,0,0,0,11.72,0,0,0,0.41,1.15,0,0,15.35,0,0,0,0,0,0,0,0,0,0,0,0,0,0,0,20.87,0,0.75,0,0,3.66,0,0,0,0,5.18,0,0,0,0,146.3,0,0,14.77,0,0,0,0,0,0,0,0,0,0,0,0,0,0,0,0,0,0,0,0,0.85,224.98,0,0,0,0,0,0,0,0,0,0,0,0,0,0,0,0,0,0,0,0,0,0,0.33,0,0,0,8.42,0,0,0,0,0,0,0,0,0,0,0,0,0,0,0,0,0,338.86,0,0,0,0,0,0,0,0,0,0,0,0,0,28.41,0,7.4,0,0,0,20.14,0,0,0,0,0,0,0,0,0,0,0,0,0,0,0,12.67,0.33,0,0,0,0,0,0,0,0,0,0,0,0,0,0,0,0
0,0,0,0,0,0,0,0,0,0,6.3,1.4,0,0,0,0,0,0,0,0,0,0,0,0,0,0,0,18.51,0.74,39.36,0,0,0,0,15.3,2.7,51.62,0,0,0,0,0,0,0,0,0,0,0,0,0,0,0,0,0,0,0,0,11.26,0,30.62,0.37,0,123.93,0,1.69,0,0.81,7.96,0,0,0,1.45,0,0,4.96,0,0,0,0,0,0,0,0,66.52,0,0.85,0,0,1.79,0,0,0,0,8.73,2.72,0,0,0,197.03,0,0,18.45,0,0,0,0.46,0.42,0,3.24,0,0,0,0,0,0,0,0,0,0.45,0,0,0,11.04,243.74,0,0.31,19.12,0,0,0,0,0,5.26,0,0,0,0,0,0,0,0,0,0,0,0,0,2.44,0,0,0,7.71,4.33,0,1.96,0,0,0,0,0,0,1.53,1.33,4.56,0,0,0,0.33,0,0,2.18,0,0,0,0,0,0.36,0,0,0,0,0,0,1.19,0,67.57,8.93,0,0,0,0,0,0,0,0,0,0,0,0,0,0,0,0,0.45,0.88,3.54,0,0,0,0,0,0,0,0,0,0,0,9.6,0,0,0,0,0
0,0,0,0,0,0,0,0,0,0,1.95,0,0,0,0,0,0,0,0,0,0,0,0,0,0,0,0,0,0,473.21,1.29,0,0,0,5.57,0,12.82,0,0,0,0,0,0,0,0,0,0,0,0,0,0,0,0,0,0,0,0,0,0,0.56,0,0,0,0,5.63,0,0,0,0,0,0,0,0,0,0,0,0,0,0,0,0,0,0,1.95,0,0,0,0,0,0,151.01,0,0,1.19,103.74,0,0,0,0,0,0,0,0,0,0,2.39,0,0,0,0,0,0,0,0,0,0,0,0,0,0,0,0,14.06,17.79,0,0,0,0,0,0,0,0,0,0,0,0,0,0,0,0,0,0,0,0,0,0,0,0,0,0,217.61,0,0,1.77,0,0,0,0,0,0,0,4.86,0,0,0,0,0,0,0,0,0,0,0,0,0,0,0,0,0,0,0,0,0,0,0,0,0,0,0,0,0,0,0,0,0,0,0,0,0,0,0,0,0,0,0.6,0,0,0,0,0,0,0,0,0,0,0,0,0,0,0,0,0
0,0,0,2.39,0,0,0,0,0,0.5,3.41,1.56,0,0,0,0,0,0,0,0,0,0,0,0,0,0,0,3.94,0.97,109.6,0,0,0,0,45.99,1.53,97.22,0,0,0.44,0,0,0.52,0,0,0,0,0,0,0,0,0,0,0,0,0,0,0,0,18.39,2.81,0,1.93,0,12.54,0,0.49,24.69,0,0,0,1.53,0,0,0,0,0,0,0,0,0,0,0,56.78,0,0.45,0,0,0.47,0,0,0,0,19.72,3.61,0,0,0,155.48,0,0,0,0,0,0,1.49,0,0,0,0,0,0,0.51,0,0,0,0,0,0,0,0,0,0,201.12,0,0.55,0,1.87,0,0,0,0,4.07,0,0,0,0,0,0,0,0,0,0,0,0,0,2.31,0,0,0,4.87,0,0,0,0,0,0,0,0,0,0,5.95,10.4,0,0,0,0,0,116.24,0,0,0,0,0,0,0,0,0,0,0,0,0,54.68,0,10.74,0,0,0,0,0,0,0,0,0,0,0,0,0,0,0,0,0,0,0,22.19,14.05,0,0,0,0,0,0,0,0,0,0,0,0,0,0,0,0
0,0,0,0,0,0,2.24,0,0,0,17.43,0,0,0,0,0,0,0,0,0,0,0,0,0,0,0,0,2.9,0,125.43,0,0,0,0,20.96,3.74,52.22,0,0,0,0,13.14,0,0,0,0,0,0,0,0,0,0,0,0,26.85,0,0,0.66,0,29.97,0,0,11.89,0,0,0.57,0.55,20.86,0,0,0,0,0,0,0.53,0,0,0,0,13.01,0,0.63,1.34,19.78,0,1.93,0,0,6.99,0,6.83,0,0,1.12,99.63,0,0,0,73.6,0,0,2.82,0,0,0,0.52,0,0,1.77,0,8.72,0,0,1.13,0,0,0,0,0.58,0,0,0,8.49,78.35,0,0,0.49,0,0,0,0,218.56,0,0,0,0,0,0,0,0,0,0,0,0,0,0,5.29,0,0,0,17.51,0,0,0,0.59,0,0,0,0,0.61,0,3.62,28.97,0,0,0,0,2.42,41.95,0,0,0,0.59,0,0,0,0,0,0,0,0,0,5.93,0,16.88,1.13,0,0,0,0,0,0,0,1.75,0,0,0,0,0,0,0,0,0,0,0.59,8.04,0,0,0,0,0,0,0,0,0,0,0,0,0,4.76,0,1.14
0,0,0,1.2,0.44,0,0,0,0,0,0.55,7.24,0,0,0,0,0,0,0,0,0,0,0,0,0,0,0,0.57,0.59,214.49,0,0,0.6,0,4.75,3.79,182.02,0,0,0.61,0,0,0,0,0,0,0,0,0,0,0,0,0,0,0,0,0,0,0,11.02,0,0,1.13,0,20.5,7.61,2.19,18.32,0,0,0.49,0,0,0,0,0,0,0,0,0,0,0,0,3.41,0,0,0,0,0,0,0,0,0,2.12,42.22,0,0,0,4.1,0,0,1.12,0,0,0,12.24,15.18,0,34.07,0,0,0,0,0,0,0,0,0,0,0,0,0,0.57,239.13,0,0,0.51,0.52,0,0,0,0,30.46,0,0,0,0,0,0,0,0,0,0,0,0,0,0,0,0,0,55.01,0,0,0,0,0,0,0,0,0,0,0,35.79,0,0,0,0,0,0,0,0,0,0,0,0,0,0,0,0,0,0,0,13.66,0,1.11,0,0.59,0,1.12,0,0,0,0,0,0,0,0,0,0,0,0,0,0,0,45.92,1.04,0,0,0,0,0,0,0,0,0,0,0,0,0,0,0,0
0,0,0,0,0,0,0.58,0,0,11.91,145.31,0,0,0,0,0,0,0,0,0,0,0,0,0,0,0,0,8.04,0,80.7,0,0,0,0.69,133.14,0,76.21,0,0,0,0,0,0,0,0,0,0,0,0,0,0,0,0,0,0,0,0.72,0,0,10.45,0,0,8.44,0,10.76,0.58,16.24,1.73,0,0,0,0,0,0,0,0,0,0,0,0,0,0,0,38.69,0,0.56,0,0,0,0,0.59,0,0,0,10.24,0,0,0,51.37,0,0,180,0,0,0,5.37,0,0,1.3,0,0,0,0,0,0,0,0,0,1.06,0,0,0,0,102.63,0,0,0,0,0,0,0,0,0,0,0,0,0,0,0,0,0,0,0,0,9.88,0,3.52,0,0,0,12.99,3.19,0,4.84,0,0,0,0,0,0,0,0.68,57.05,0,0,0,0,0,0.61,0,0,0,0,0,0.68,0,0,0,0,0,0,0,1.9,0,22.85,0,0,0,0,0,0,0,0,0.68,0,0,0,0,0,0,0,0,0,0,0,0,0,0,0,0,0,0,0,0,0,0,1.82,0,0,0,0,0
0,0,0,0,0,1.65,0,0.38,0,0,1.44,0,0,0,0,0,0,0,0,0,0,0.41,0,0,0,0,0,4.46,18.11,301.43,0.39,0,0,0,0.85,0,175.38,0,0,0,0,0,0,0,0,0,0,0,0,0,0,0,0,0,0,0,0,0,0,5.16,0,17.53,15.07,0,77.24,0,3.3,0,0,0,0,0,0,0,0,0,0,0,0,0,0,0,0,10.78,0,1.16,0,0,0,0,0.96,0,0,1.36,15.2,0,0,0,143.87,0,0,6.29,0,0,0,2.41,0,0,5.65,0,0,0,0,0,0.71,0,0,0,0,0,0,0,0,190.09,0,0,0,0,0,0,0,0,0,0,0,0,0,0,0,0,0,0,0,0,0,0,0.89,0,0,0,0.43,0,0,0,2.45,0,0,0,0,0,0,0.4,0,0,0,0,0,0,0,0,0,0,0,0,0,0,0,0,0,0,0,0,0.4,0.39,2.55,0,0,0,0,0,0,0,0,0,0,0,0,0,0,0,0,0,0,0.46,4.45,0,0,0,0,0,0,0,0,0,0,0,0,0,3.85,0,0,0.45
0,0,0,5.41,0,0,0,0,0,0,0,6.4,0,0,0,0,0,0,0,0,0,0,0,0,0,0,0,0,0,427,0,0,0,0,0.37,2.45,36.42,0,0,0,0,0,0,0,0,0,0,0,0,0,0,0,0,0,0,0,0,0,0,0.83,0,0,1.22,0,7.06,0.53,3.38,4.5,0,0,0,0,0,0,0,0,0,0,0,0,0,0,0.39,10.77,0,4.81,0,0,0.46,0,0,0,0,0,0.83,0,0,0,0,0,0,2.16,0,0,0,17.18,0,0,22.89,0,0,0,0,0.87,0,0,0,0,0,0,0,0,0,285.48,0,0,0,0,0,0,0,73.95,2.52,0,0,0,0,0,0,0,0,0,0,0,0,0,0.89,0,0,0,48.07,0,0,0,0,0,0,0,0,0,0,27.49,11.44,0,0,0,0.85,1.61,0.86,0,0,0,0,0,0,0,0,0,0,0,0,0,0.8,0,1.09,0,0,0,0,0,0,0,0,0,0,0,0,0,0,0,0,0,0,0,0.44,6.58,0,0,0,0,0,0,0,0,0,0,0,0,0,0,0,0
0,0,0,0,0,0,0.92,0,0,0,0,0,0,0,0,0,0,0,0,0,0,0,0,0,0,0,0,1.12,0,74.68,0,0,0,0,0,0,192.62,0.39,0,0,0,0,0,0,0,0,0,0,0,0,0,0,0,0,0,0,0,0.79,0,16.95,0,0,22.83,0,4.98,0,89.29,0,0,0,0,0,0,0,0,0,0,0,0,0,0,0,0,7.95,0,6.76,0,0,0,0,0.96,0,0,0.78,15.41,0.49,0,0,1.67,0,0,48.02,0,0,1.23,4.9,0,0,7.06,0.44,0.46,0.44,0,0,0,0,0,0,0,0,0,0,1.73,484.99,0,0,0,0.36,0,0,0,0,0,0,0,0,0,0,0,0,0,0,0,0,0,0,5.53,0,0,0,6.63,0,0,0,0,0,0.39,0,0,0,0,0,1.22,0,0,0,0,0,0,0,0,0,0,0,0,0,0,0,0,0,0,0,0,0,10.55,0,0,0,0,0,0,0,0,0,0,0,0,0,0,0,0,0,0,0,2.53,0,0,0,0,0.8,0,0,0,0,0,0,1.66,0,0,0,0,0.47
0,0,0,0,0,0,0,0,0,0,0,0,0,2.5,0,0,0,0,0,0,0,0,0,0,0.88,0,0,29.7,0.79,151.89,1.19,0,0,0,2.95,0,35.67,0,0,0.83,0,0,0,0,0,0,0,0,0.84,0,0,0,0,0,0,0,0.4,1,0,26.42,0,0,24.02,0,0,0,0.42,2.44,0,0,0,0,0,0,0,0,0,0,0,0,0,0,5.64,0.85,0,0,0,0,2.91,0,1.66,0,0,14.08,28.78,0,0,0,269.26,0,0,1.33,0,0,0,3.09,0,0.38,7,0,0,0,0,0,0.33,0.43,0,0,1.39,0.46,0,0,5.77,201.81,0,0.43,0,0,0,2.95,0,0,0,0,0,0,0,0,0,0,0,0,0.48,0,0,0,0.88,0,0,0,14.2,0,0,0,2.21,0,0,0,0.41,0,0,5.7,3.01,0,0,0,0.45,4.06,10.27,0.77,0,1.84,0,0,0,0,0,0,0,5.08,0,0,16.18,0,98.12,0,0,0,0,4.92,0,0,1.24,0.82,0,0,0,0,0,0,0,0,0,0,9.15,0,0,0,0,0,0,0,0,0,1.26,0,4,0,1.75,0.71,0,0
0,0,0,0,0,0,0,0,0,0,15.45,0,0,0,0,0,0,0,0,0,0,0,0,0,0,0,0,5.91,0,99.33,0,0,0,0,59.09,0.4,55.08,0,0,0,0,0,0,0,0,0,0,0,0,0,0,0,0,0,0,0,0,2.45,0,43.7,2.24,0,49.79,0,9.26,0,0.4,11.49,0,0,0,0,0,0,0,0,0,0,0,0,1.94,0,0,19.7,0,0,0,0,1.24,0,0.41,0,0,12.94,3.94,1.19,0,0,304.24,0,0,2.43,0,0,0,12.77,0,0,0,0.37,0,0,0,0,0.48,0,0,0,0.68,0,0,0,28.79,103.97,0,0,10.08,0,0,0,0,0,0,0,0,0,0,0,0,0,0,0,0,0,0.38,0,7.56,0,0,0,5.87,0,0,0,0,0,0,0,0,0,0.36,0,3.2,0,0,0,0,0,0,0,0,0,0,0,0,0,0,0,0,0,0,0,31.11,0,78.21,10.28,0,0,0,0,0,0,0,0,0,0,0,0,0,0,0,0,0,0,20.84,0,0,0.43,0,0,0,0,0,0,0,0,0,0,0,0,0,0
0,0,0,0,0,0,0,0.74,0.38,0,0,0,0,0.85,0,1.65,0,0,0,0,0,8.9,0,0,0,0,0,8.43,0.37,1.56,1.59,0,0,0,60.27,0,0.39,0,0,0,0,0,0,0,2.61,0.4,0.45,3.5,0.38,0,0,0,1.2,0,0,0,0,0,0,10.54,0,6.57,8.36,0,224.55,0,2.64,0.39,2.4,0,0,0,0,0.9,0.46,0,1.71,0,0,0,0,0,0.42,4.5,0,0,0,0,1.87,0,99.92,0,0,0,46.72,0.81,0,0,1.1,0.45,0,0.79,1.16,0.39,4.82,6.26,0,2.08,8.07,0,0,0,0,0,0,0,0,0.4,0,0,0,0.46,7.12,364.77,0.34,0,14.57,0.39,0.47,3.12,3.52,0,0,0,0,0.48,0.37,0,0,0,0,0,0.39,1.24,0,0,0,0,0.37,0.78,1.21,0,0,0,0,0,0,0.78,0,0,0.36,1.51,0,0.86,0,1.23,3.98,5.09,20.16,0.72,0,4.6,0,0,0,0,0,0,0,7.97,0,0.47,1.86,0,0.82,0,0,0,0,4.26,0,0,0,0,0.28,0,0,0,0,0,0.35,0,0,0.39,16.13,0,0,0,0,0,0,0,0,0,2.06,2.15,0,0,9.96,0.46,0,0
0,0,0,0,0,0,0.36,0,0,101.62,9.76,0,0,0,0,0,0,0,0,5.04,0,0,0,0,0,0.49,0,23.26,0,63.35,0,0,0,0,1.92,0.34,255.09,0,0,0,0.37,0,0,0,0,0,0,0,0,0,0,0,0,0,0,0,0,0.38,0,87.05,0,0,26.37,0.72,0.44,0,27.41,0,0,0,0,0,0,0,0,0,0,0,0,0,0,0,0,0,0,12.71,0,0,0,0,0,0,0,0,0,0,0,0,2.56,0,1.13,1.62,0,0,0,9.59,0,0,64.84,0,0,0,0,0,0,0,0,0,0,0,0,0,0,150.19,0,0,0.28,0,0,0,0,0,0,0,0,0,0,0,0,0,0,0,0,0,0,0,0,0,0,0,0,0,0,0,0,0,0,0,0,3.25,0,0,9.46,0,0,0,0,0,0,0,0,0,0,0,0,0,0,0,0,22.82,0,0,1.05,0,102.63,0,0,0,0,0,0,0,0,0,0,0,0,0,0,0,0,0,0,0,31.52,0,0,0,0,0,0,0,0,0,0,0,0,0,0,0,0,0.38
0,0,0,0,0,0,0,0,0,0,25.69,0,0,0,0,0,0,0,0,3.77,0,0,0,0,0,0,0,16.82,3.16,222.9,0,0,0,0,0,1.22,25.38,0,0,0,0,0.93,0,0,0,0,0,0,0,0,0,0,0,0,0.46,0,0,0,0,9.8,7.06,0,0,0,2.19,0,10.85,9.5,0,0,0,0,0,0,0,0,0,0,0,0,18.95,1.47,0,0.97,0,0,0,0,0.47,0,19.37,0,0,0.97,9.33,1.29,0,0,0,0,0,14.62,0,0,0,3.79,0,0,0,0,0,0,0,0,0,0,0,0,0,0,0,0,5.94,152.94,0,0,0,0,0,0,0,0,0,0,0,0,0,0,0,0,0,0,0,0,4.23,0,13.57,0,0,0,113.98,0,0,0,0,0,0,0,0,0,0,0,18.35,0,0,0,0.75,0,217.62,43.41,0,0,0,0,11.45,0,0,0,0,0,0,0,0.42,0,5.12,11.08,0,0,0,0,0,0,2.36,0,0,0,0,0,0,0,0,0,0,0,1.42,0,0,3.87,0,0,0,0,0,0,0,0,0.53,0,0,0,0,0
0,0,0,1.79,4.33,0,0,0,0,0,13.17,0,0,0,0,0,0,0,0,0.55,0,0,0,0,0,0,0,52.02,10.48,163.87,0.88,0,0,0,10.56,1.3,106.34,0,0,0,0,0,0,0,0,0,0,0,0,0,0,0,0,0,0,0,2.18,0,0,44.61,0,0,0.42,0,0,0,1.29,12.06,0,0,0,0,0,0,0,0,0,0,0,0,0,0,0,15.15,0,0,0,0,12.22,0.35,115.01,0,0,0,64.9,0,0,0,14.94,0,0,23.89,0,0,0,2.78,0,0,0,0,0,0,0,0.42,0.39,0,0,0,0,0,0,0,0,244.74,0,0,0,0,0,0,0,19.17,0,0,0,0,0,0,0,0,0,0,0,0,0,0,0.82,0,0,0,7.54,0,0,10.09,0,0,0,0,0,0,0,0,2.9,0,0,0,0.44,0,0,0,0,0,0,0,0.36,0,0,0,0,0,0,0,0.78,0,45.74,5.19,0,0,0,0,0,0,0,0,0,0,0,0,0,0,0,0,0,0,3.9,0,0,0,0,0,0,0,0,0,0,0,0,0,0,0.43,0,0
0,0,0,0,0,0,0.45,0,0,0,9.11,2.17,0,0,0,0,0,0,0,0,0,0,0,0,0,0,0,40.34,0.41,45,0,0,0,0,1.39,0,87.02,0,0,0,0,0,0,0,0,0,0,0,0,0,0,0,0,0,0,0,2.83,0,0,47.37,0.51,0,0,0,0.79,0,0,1.44,0,0.48,0,0,0.46,0,0,0,0,0,0,0.53,0,0,0,70.4,0,0,0,0,22.84,0,8.78,0,0,10.68,1.78,0,0,0,107.92,0,0,12.59,0,0,0,0.48,0,0,1.47,0,0,0,0,0,0.99,0,0,0,1.05,1.45,0,0,43.67,272.17,0,0,1.3,0,0,0,0,0,0.52,0,0,0,0,0,0,0,0,0,0,0,0,0,7.1,0,0,0,15.87,2.87,0,0,0.56,0,0,0,0,0,0,0.49,29.15,0,0,0,0,0,10.88,0,0,0,0,0,0,0,0,0,0,0,0,0,0.39,0,135.51,1.48,0,0,0,0,0,0,2.98,0,0,0,0,0,0,0,0,0,0,0,3.07,3,0,0,0,0,0,0,0,0,0,0,0,0,6.26,0,0,0
0,0,0,0,0,0,0,0,0,0,2.17,0,0,0,0,0,0,0,0,0,0,0,0,0,0,0,0,12.72,0.27,213.07,0,0,0,0.39,50.08,0.4,50.29,0,0,0,0,0.96,0,0,0,0,0,0,0,0,0,0,0,0,0,0,0,0,0,17.26,0,0,18.61,0,8.77,0,0,39.53,0,0,0,0,0,0,0,0,0,0,0,0,0,0,11.59,31.75,0,0,0,0,0.73,0,0,0,0,12.99,0.61,0,0,0,179.55,0,0,0,0,0,0,2.53,0,0,0,0,0,0,0,0,0.38,0,0,0,0,0,0.37,0,0,195.98,0,0,0,0,0,0,0,0,0,0,0,0,0,0,0,0,0,0,0,0,0,0,1.89,0,0,0,11.46,0,0,38.47,0,0,0,0,0,0,0,0,0,0,0,0,0.32,0,0,0,0,0,0,0,0,0,0,0,0,0,0,0,0.29,0,79.06,35.12,0,0,0,0,0,0,0,0,0,0,0,0,0,0,0,0,0,0,0.39,0,0,0,0,0,0,0,0,0,0,0,0,0,0,0,0,0
0,0,0,0,0,0,0.4,0,0,1.86,58.45,0,0,0,0,0,0,0,0,0,0,0,0,0,0,0,0,28.49,17.09,106.54,0,0.41,0,0,4.79,0.4,44.28,0,0,0,0,1.59,0,0,0,0,0,0,0,0,0,0,0,0,0,0,0,1.94,0,17.71,0,0,10.98,0,7.57,0,0.45,5.73,0,0,1.14,0.35,0,0,0,0,0,0,0,0.36,0,0,0,13.01,0,0,0,0,0,0,0,0,0,1.9,0,0,0,0,276.72,0,0,1.79,0,0,0,0,0,0,0,0,0,0,0,0,0,0,0,0,0,0,0,0,0,242.76,0,0,0,0,0,0,0,6.83,0,0,0,0,0,0,0,0,0,0,0,0,5.17,0,12.47,0,0,0,4.78,0,0,0,0,0,0,0,0,0,0,0,8.88,0,0,0,0.42,0,32.84,0,0,0,0,0,0,0,0,0,0,0,0,0,0.29,0,72.23,0,0,0,0,0,0,0,0,0,0.33,0,0,0,0,0,0,0,0,0,23.66,2.18,0,0,0,0,0,0,0,0,0,0,0,0,1.21,0,0,0
0,0,0,0,0,0,0,0,0,0,46.76,0,0,0,0,0,0,0,0,0,0,0,0,0,0,0,0,54.22,0,37.83,0,0,0,0,4.68,0,39.76,0,0,0,0,3.37,0,0,0,0,0,0,0,0,0,0,0,0,0,0,0,0,0,11,0,0,2.42,0,5.4,0,0,8.58,0,0,0,0,0,0,0,0,0,0,0,0,1.23,0,7.06,8.96,0,0,0,0,0,0,0,0,0,0,0.74,0,0,0,155.57,0,0,1.36,0,0,0,0.83,0,0,0,0,0,0,0,0,0,0,0,0,0.42,0,0,0,0,111.25,0,0,0,0.39,0,0,0,4.07,0,0,0,0,0,42.89,0,0,0,0,0,0,0.44,0,3.56,0,0,0,4.77,0,0,0,0,0,0,0,0,0,0,0,2.38,0,0,0,0,0.36,360.13,2.39,0,0,0,0,0,0,0,0,0,0,0,0,2.3,0,90.97,0.77,0,0,0,0,0,0,0,0,0,0,0,0,0,0,0,0,0,0,0.39,0.75,0,0,0,0,0,0,0,0,0,0,0,0,0,0,0,0
0,0,0,0,0,0,0,0,0,0,1.07,0,0,0,0,0,0,0,0,0,0,0,0,0,0,0,0,5.76,0.44,476.63,0,0,0,0,7.58,0,55.16,0,0,0,0,0,0,0,0,0,0,0,0,0,0,0,0,0,0,0,0,0,0,5.13,0,0,0.71,0,63.71,0,3.97,0,0,0,0,0.41,0,0,0,0,0,0,0,0,0,0,0,34.87,0,0,0,0,0,0,0,0,0,60.77,16.1,0.43,0,0,95.58,0,0,14.93,0,0,0,5.68,0,0,0,0,0,0,0,0,0,0,0,0,4.2,0.39,0,0,1.44,86.32,0,0,0,0,0,0,0,0,0,0,0,0,0,0,0,0,0,0,0,0.46,0,0,5.09,0,0,0,4.71,0,0,0,0,0,0,0,0,0,0,0,0,0,0,0,0.4,0,23.78,14.44,0,0,0,0,0,1.25,0,0,0,0,0,0,0,0,21.63,0,0,0,0,0,0,0,0,0,0,0,0,0,0,0,0,0,0,0,4.96,0,0,0,0,0,0,0,0,0,0,0,0,0,0,0,0,0
0,0,0,0,0,0,0,0,0,0,0.83,2.95,0,0,0,0,0,0,0,0,0,0,0,0,0,0,0,2.08,0.39,77.02,0.33,0,0,0,2.79,0,40.95,0,0,0,0,0,0,0,0,0,0,0,0,0,0,0,0,0,0,0,0,0.34,0,7.57,0,0,14,0,35.52,0,0.32,18.34,0,0,0,0,0,0,0,0,0,0,0,1.82,0,0,0,29.69,0,0,0,0,0,0,0,0,0,18.93,0,0,0,0,41.06,0,0,2.58,0,0,0,0.38,0.32,0,63.38,0,0,0,0,0,1.83,0,0,0,0,0,0,0,0.75,289.49,0,0,0.34,0,0,0,0,99.4,1.89,0,0,0,0,0,0,0,0,0,0,0,0,0,0.68,0,0,0,0.76,1,0,0,0,0,0,0,0,0,0,0,0,0,0,0,0,0,209.39,0.76,0,0,0,0,0,0,0,0,0,0,0,0,16.46,0,6.78,4.87,0,0,9.47,0,0,0,0,0,0,0,0,0,0,0,0,0,0,0,1.06,9.12,0,0,0,0,0,0,0,0,0,0,0.31,0,0,2.05,0,0
0,0,0,0,0,0,0,0,0,0,0,0,0,0,0,0,0,0,0,0,0,0,0,0,0,0,0,0,0,17.38,0,0,0,0,2.27,1.17,268.87,0,0,0,0,0,0,0,0,0,0.62,0,0,0,0,0,0,0,0,0,0,0,0,1.61,0,0,12.5,0,19.42,0.55,8.07,4.7,0,0,0,0,0,0,0,0,0,0,0,0,0,0,0,43.98,0,1.18,0,0,0.53,0,0,0,0,0.6,6.01,0,0,0,0,0,0,6.13,0,0,0,1.06,5.99,0,371.27,0,0,0,0,0,0,0,0,0,2.3,0,0,0,0,221.92,0,0,0,0,0,0,0,0,0,0,0,0,0,0,0,0,0,0,0,0,0,0,0,0,0,0,7.92,0,0,0.91,0,0,0,0,0,0,0,0,0,0,0,0,2.35,0,0,0.72,0.57,0,0,0,0,0,0,0,0,0,0,0,0.54,0,3.36,0,0,0,0,0,0,0,0,0,0,0,0,0,0,0,0,0,0,0,2.88,0,0,0,0,0,0,0,0,0,0,0,0,0,0.62,0,0,0
0,0,0,0,0,0,0.49,0,0,0,51.43,0,0,0,0,0,0,0,0,0,0,0,0,0,0,0,0,44.21,0,226.34,0,1.17,0.53,0,1.01,1.17,45.21,0,0,4.51,0,1.06,0,0,0,0,0,0,0,0,0,0,0,0,0,0,0,1.04,0,33.23,0,0,4.57,0,0,0,0.57,3.07,0,0,0,1.57,0,0,1.55,0,0,0,0,0,0,0,0,14.11,0,0,0,0,0,0,0,0,0,7.22,0,0,0,0,149.4,0,0,0,0,0,0,0,0,0,0,0,0,0,0,0,0,0,0,0,0.62,0,0,0,0,234.01,0,0,0,0,0,0,0,0,0,0,0,0,0,0,0,0,0,0,0,0,1,0,4.5,0,0,0,15.23,0,0,1.57,0,0,0,0,0,0,0,0,7.62,0,0,0,0,0,0,0,0,0,0,0,0,0,0,0,0,0,0,0,8.99,0,140.18,0,0,0,0,0,0,0,0,0,0,0,0,0,0,0,0,0,0,0,10.82,0,0,0,0,0,0,0,0,0,0,0,0,0,0,0,0,0
0,0,0,0,0,0,0.49,0,0,0,0,0,0,0,0,0,0,0,0,0,0,0,0,0,0,0,0,3.95,0,286.91,0,0,0,0,0,0,71.87,0,0,0,0,0,0,0,0,0,0,0,0,0,0,0,0,0,0,0,0,1.71,0,0.6,0,2.77,0,0.54,7.23,0,11.89,0.55,0,0,0,0,0,0,0,0,0,0,0,0,0,0,0,2.32,0,0,0,0,0,0,0,0,0,0.5,22.61,0,0,0,0,0,0,0,0,0,0,0,1.11,0,311.8,0,0,0,0,0,0,0,0,0,0,0,0,0,0,286.21,0.46,0,0,0,0,0,0,0,0,0,0,0,0,0,0,0,0,0,0,0,0,0,0,0,0,0,1.22,0,0,0,0,0,0,0,0,0,0,0,0,0,0,0,0.56,0,0,0,0,0,0,0,0,0,0,0,0,0,0,0,0,0,0.59,0,0,0,0,0,0,0,0,0,0,0,0,0,0,0,0,0,0,0,2.11,0,0,0,0,0,0,0,0,0,0,0,0,0,0,0,0,0
0,0,0,0,0,0,0,0,0,0,28.03,0,0,0,0,0,0,0,0,0,0,0,0,0,0,0,0,19.58,0,64.31,0,0.91,0,0,0.92,0.9,52.42,0,0,0,0,2.8,0,0,0,0,0,0,0,0,0,0,0,0,0,0,0,3.8,0,21.47,0,0,3.67,0,0,0,0,0,0,0,0,0.92,0,0,0,0,0,0,0,0,0,0,41.05,37.47,0,0,0,0,0,0,0,0,0,10.37,0,0,0,0,168.84,0,0,1.94,0,0,0,0,0,0,0,0,0,0,0,0,0,0,0,0,0,0,0,0,0,201.32,0,0,0,0,0,0,0,0,0,0,0,0,0,0,0,0,0,0,0,0,7.64,0,10.28,0,0,0,19.55,6.5,0,3.81,0,0,0,0,0,0,0,0,15.72,0,0,0,0.9,0,35.56,0,0,0,0,0,0,0,0,0.95,0,0,0,0,44.32,0,200.86,8.4,0,0,0,0,0,0,0,0,0,0,0,0,0,0,0,0,0.97,0,0,0,0,0,0,0,0,0,0,0,0,0,0,0,0,0,0,1.82
0,0,0,2.81,0,0,0,0,0,0,0.46,2.12,0,0,0,0,0,0,0,0,0,0,0,0,0,0,0,17.02,6.92,3.01,0,0,0,0,1.1,0,12.9,0,0,0,0,0,0,0,0,0,0,0,0,7.67,0,0,0,0,0,0,1.03,0,0,4.37,0,0,2.13,0,1.72,0,0,5.8,0,0,0,1.91,0,0,0,0,0,0,0,0,0,0,65.58,11.61,0,0,0,0,0,0,0,0,0,2.59,0,0,0,0,116.26,0,0,7.76,0,0,0,0,0,0,0.55,0,0,0,0,0,0.59,0,0,0,0,0,0,0,0,110.79,0,0,0,0,0,0,0,0,0,0,0,0,0,123.79,0,0,0,0,0,0,0,0,1.61,0,0,0,2.09,0,0,0,0,0,0,0,0,0,0,0,0,0,0,0,0,0,413.43,32.05,0,0,0,0,0,0,0,0,0,0,0,0,23.88,0,26.68,4.67,0,0,0,0,0,0,0.46,0,0,0,0,0,0,0,0,0,0,0,1.55,1.09,0,0,0,0,0,0,0,0,0,0,0,0,0,0,0,0
0,0,0,0,0,0,0.46,0,0,0,33.58,0,0,0,0,0,0,0,0,0,0,0,0,0,0,0,0,53.28,0.42,199.91,0,0,0,0,15.77,0,86.71,0,0,0,0,3.73,0,0,0,0,0,0,0,0,0,0,0,0,0,0,0,0,0,39.89,3.3,0,8.53,0,0.56,0.82,0.42,0,0,0,0,1.29,0,0,0,0,0,0,0,0,0,0,0,10.65,0,0,0,0,0,0,1.86,0,0,5.3,0,0,0,0,193.67,0,0,0.49,0,0,0,0.95,0,0,0.47,0,0,0,0,0,0,0,0.47,0,0.5,0,0,0,1.41,165.56,0,0.49,0,0,0,0,0,0,0,0,0,0,0,0,0,0,0,0,0,0,2.31,0,4.6,0,0,0,6.86,0,0,0.5,0,0,0,0,0,0,0,0,15.17,0,0,0,0,0,0.94,0,0,0,0,0,0,0,0,0,0,0,0,0,86.28,0,40.3,29.58,0,0,0,0,0,0,0,0,0,0,0,0,0,0,0,0,0,0,0.49,0.48,0,0,0,0,0,0,0,0,0,0,0,0,0,0,0,0
0,0,0,0,0,0,0,0,0,0,0.69,0,0,0,0,0,0,0,0,0,0,0,0,0,0,0,0,11.79,0,361.6,0,0,1.69,0,0,1.15,60.49,0,0,0,0,0,0,0,0,0,0,0,0,0,0,0,0,0,0,0,0,0.58,0,6.94,0,0,18.74,0,0.51,0,0,0,0,0,0,0,0,0,0,0,0,0,0,0,0,0,0,28.96,0,1,0,0,0,0,0.54,0,0,14.14,0.5,0,0,0,167.92,0,0,0.56,0,0,0,3.25,0,0,0,0,0,0,0,0,0,0,0,0,0,0,0,0,3.16,206.63,0,0,0,0,0,0,0,0,0,0,0,0,0,0,0,0,0,0,0,0,0,0,0,0,0,0,6.75,0,0,9.92,0,0,0,0,0,0,0,0,4.62,0,0,0,0,0,0,0.5,0,0,0,0,0,0,0,0,0,0,0,0,64.2,0,4.81,32.89,0,0,0,0,0,0,0,0,0,0,0,0,0,0,0,0,0,0,3.47,0,0,0,0,0,0,0,0,0,0,0,0,0,0,0,0,0
0,0,0,0,0,0.48,0,0,0,0,31.52,0,0,0,0,0,0,0,0,0,0,0,0,0,0,0,0,24.85,0.5,90.77,0,0.98,3.87,0,0,0.99,77.97,0,0,0,0,0.88,0,0,0,0,0,0,0,0,0,0,0,0,0,0,1.55,0.52,0,22.25,0.46,0,4.86,0,3.5,0,0,5.74,0,0,0,0,0,0,0,0,0,0,0,0,0,0,0,26.65,0,0.47,0,0,0,0,0,0,0,15.95,0,0,0,0,159.86,0,0,15.34,0,0,0,1.49,0,0,0.52,0,0,0,0.53,0,0,0,0,0,0,0,0,0,0,204.71,0,0,0.98,0,0,0,0,0,0,0,0,0,0,0,0,0,0,0,0,0,5.14,0,2.65,0,0,0,12.27,0.54,0,0.53,0,0,0,0,0,0,0,0,38.81,0,0,0,0.38,0,173.17,0,0,0,0,0,0,0,0,0,0,0,0,0,12.05,0,64.15,5.53,0,0,0,0,0,0,0,0,0,0,0,0,0,0,0,0,0,0,3.68,0,0,0,0,0,0,0,0,0,0,0,0.91,0,0,0,0,0
0,0,0,0,0,0,0.72,0,0,0,12.17,2.23,0,0,0,0,0,0,0,0,0,0,0,0,0,0,0,23.93,0,288,0,0.75,0,0,17.51,1.42,66.12,0,0,7.95,0,0.65,0,0,0,0,0,0,0,0,0,0,0,0,0,0,0,0,0,10.97,0,0,0,0,11.84,0,0,0,0,0,0,6.38,0,0,0,0,0,0,0,0,0,0,0,70.56,0,4.56,0,0,0,0,0,0,0,23.11,20.87,0.75,0,0,0,0,0,0,0,0,0,19.21,0,0,0.74,0,0,0,0,0,0,0,0,0,0.74,0,0,0,0,219.45,0,0.71,4.16,0,0,0,0,0,0,0,0,0,0,0,0,0,0,0,0,0,0.72,0,7.18,0,0,0,10.12,0,0,0,0,0,0,0,0,0,0,0,8.52,0,0,0,0,0,0.71,99.16,0,0,0,0,0,0,0,0,0,0,0,0,11.46,0,63.06,0,0,0,0,0,0,0,0,0,0,0,0,0,0,0,0,0,0,0,0.77,0,0,0.8,0,0,0,0,0,0,0,0,0,0,0,0,0,0
0,0,0,0,0,0,0,0,0,0,0.65,0,0,0,0,0,0,0,0,0,0,0,0,0,0,0,0,0,0,452.24,1.18,0,0,0,0,3.98,97.98,0,0,0,0,0,0,0,0,0,0,0,0,0,0,0,0,0,0,0,0,0.45,0,0.54,0,0,1.14,0,1.17,2.21,13.95,0,0,0,0,0,0,0,0,0,0,0,0,0,0,0,0,0,0,1.68,0,0,0,0,0,0,0,4.27,52.49,0,0,0,1.14,0,0,3.78,0,0,0,2.79,0,0,2.3,0,0,0,0,0,0,0,0,0,0,0,0,0,0,326.5,0,0,0,0,0,0,0,0,0,0,0,0,0,0,0,0,0,0,0,0,0,0,0,0,0,0,18.69,0,0,8.69,0,0,0,0,0,0,0,0,18.95,0,0,0,0,0,0,0,0,0,0,0.61,0,0,0,0,0,0,0,0,0,0,0,0,0,0,0,0,0,0,0,0,0,0,0,0,0,0,0,0,0,0,0.62,0,0,0,0,0,0,0,0,0,0,0,0,0,0,0,0,0
0,0,0,0,0,0.64,0.47,1.07,0,0,5.14,0,0,0,0,0,0,0,0,0,0,0,0,0,0,0,0,34.46,20.43,19.33,0.52,0,0,0,4.37,0,92.2,0,0,0,0,0,0,0,0,0,0,0,0,35.56,0.52,0,0,0,0,0,0,0.51,0,17.86,0,0,6.04,0,4.14,0,0,0,0,0,0,1.42,0,0,0,0,0,0,0,0,0,0,54.39,23.01,0,2.01,0,0,0,0,0.48,0,0,34.92,0,0,0,0,90.48,0,0,3.97,0,0,0,3.62,0,0,0,0,0,0,0,0,0,0,0,0,0,1.88,0,0,2.07,315.37,0,0,1.07,0,0,0,0,0,0,0,0.48,0,0,0,0,0,0,0,0,0,0.48,0,8.52,0,0,0,3.5,1.63,0,0,0,0,0,0,0,0,0,0,0.52,0,0,0,0,0,127.27,1.45,0,0,0,0,0,0,0,0,0,0,0,0,0.49,0,93.21,0.46,0,0,0,0,0,0,0,0,0,0,0,0,0,0,0,0,0,0,2.04,0,0,0,0,0,0,0,0,0,0,0,0,0,0,0,0,0
0,0,0,0,0,0,0,0,0,0,2.89,0,0,0,0,0,0,0,0,0,0,0,0,0,0,0,0,7.83,1.53,273.03,0,0,0,0,0,0,23.29,0,0,0,0,0.49,0,0,0,0,0,0,0,0,0,0,0,0,0,0,0,0,0,7.56,0,0,2.11,0,0,0,0,0,0,0,0,1.53,0,0,0,0,0,0,0,0,0,0,0,22.38,0,0,0,0,0,0,0,0,0,23.99,0,0.43,0,0,309.35,0,0,0.5,0,0,0,0.51,0,0,0,0,0,0,0,0.96,4.07,0,0,0,0,0,0,0,0,182.49,0,0,0,0,0,0,0,0,0,0,0,0,0,0,0,0,0,0,0,0.54,0,0,0,0,0,0,9.61,0,0,19.58,0,0,0,0,0,0,0,0,1,0,0,0,0,0,0,0,0,0,0,0,0,0,0,0,0,0,0,0,93.77,0,12.51,3.99,0,0,0,0,0,0.51,0,0,0,0,0,0,0,0,0,0,0,0,10.48,0,0,0,0,0,0,0,0,0,0,0,0.62,0,0,0,0,0.45
0.62,0,0,0.7,0,0,0.69,0.61,0,0,0,0,0,0,0,0,0,0,0,2.02,0,0,0,0,0,0,0,19.27,0,389.8,0,0,0,0,9.78,0,66.51,0,0,0,0,1.98,0,0,0,0,0,0,0,0,0,0,0,0,0.61,0,0,1.22,0,4.14,0,0,20.45,0,2.79,1.4,0.71,8.61,0,0,0,0,0,0,0,0,0,0,0,0,0,0,0,30.01,0,0.73,0,0,0,0,0,0,0,10.11,0,0,0,0,47.12,0,0,1.96,0,0,0,12.04,0.65,0,18.87,0,0,0,0,0,0,0,0,0,0,0,0,0,0,158.74,0,0,0,0,0,0,0,67.66,0,0,0,0,0,0,0,0,0,0,0,0,0,0,0,0,0,0,7.41,9.87,0,0,0,0,0,0,0,0,0.67,0,9.21,0,0,0,0,0,0.69,0,0.61,0,0,0,0,0,0,0,0,0,0,0,95.18,0,6.86,0.72,0,0,0,0,0,0,0,0,0,0,0,0,0,0,0,0,0,0,2.06,1.38,0,0,0,0,0,0,0,0,0,0,2.09,0,0,0,1.45,0
0,0,0,0,0,0,0,0,0,0,9.13,0,0,0,0,0,0,0,0,0,0,0,0,0,0,0,0,7.71,0,137,0,0,0,0,0,0.4,16.46,0,0,0,0,1.38,0,0,0,0,0,0,0,0,0,0,0,0,0,0,0,0,0,12.81,0,0,4.09,0,2.54,0,0,3.83,0,0,0,0.92,0,0,0,0,0,0,0,0,0,0,0.84,5.68,0,0,0,0,1.77,0,0,0,0,15.19,0,0,0,0,334.29,0,0,0,0,0,0,0,0,0,0,0,1.43,0,0,0,0.42,0,0,0,0,0,0,0,5.4,215.07,0,0,0,0,0,0,0,0,0,0,0,0,0,0,0,0,0,0,0,0,0,0,1.13,0,0,0,2.27,0,0,0,0,0,0,0,0,0,0,0,8.12,0,0,0,0,0.37,33.5,0,0,0,0,0,0,0.39,0,0,0,0,0,0,106.12,0,66.17,10.04,0,0,0,0,0,0,0,0,0,0,0,0,0,0,0,0,0,0,5.42,6.82,0,0,0,0,0,0,0,0,0,0,0,0,1.29,0,0,0
0,0,0,0,0,0,0,0,0,3.07,65.87,1.4,0,0,0,0,0,0,0,0,0,0,0,0,0.43,0,0,29.29,0.46,85.59,0,7.01,0,0,14.99,0.47,27.11,0,0,0,0,0,0,0,0,0,0,0,0,0,0,0,0,0,0,0,0,0,0,29.45,0,0,6.27,0,5.49,0,0,13.43,0,0,0,0.41,0,0,0,0,0,0,0,0,0,0,2.84,13.86,0,0,0,0,0,0,0,0,0,1.91,0,0,0,0,83.93,0,0,2.76,0,0,0,0,0,0,0,0,0,0,0,0,0,0,0,0,0,0,0,0,0,225.72,0,0,0,0,0,0,0,102.27,2.3,0,0,0,0,0,0,0,0,0,0,0,3.56,0,3.13,0,0,0,2.85,0,0,0,0,0,0,0,0,0,0,0,10.65,0,0,0,0,0,188.21,2.6,0,0,0,0,0,0,0,0,0,0,0,0,21.07,0,47.95,4.56,0,0,0,0,0,0,0,0,0,0,0,0,0,0,0,0,0,0,0,6.64,0,0,0,0,0,0,0,0,0,0,0.45,0,0,0,0,0
0,0,0,0,0,0.48,0,0.46,0,0,9.49,0.41,0,0,0,0,0,0,0,0,0,0,0,0,0,0,0,2.95,2.28,233.68,0,0,0,0,0,0,15.64,0,0,0,0,0,0,0,0,0,0,0,0,1.02,0,0,0,0,0,0,0,2.22,0,3.71,0,0,2.93,0,1.38,0,0,0.92,0,0,0,0.47,0,0,0,0,0,0,0,0,0,0,0,4.06,0,0,0,0,0,0,0,0,0,2.07,3.55,0,0,0,62.18,0,0,12.6,0,0,0,0.44,1.95,0,27.59,0,0.41,0,0,0,0,0,0,0,0.43,0,0,0,0,157.5,0,0,0,0,0,0,0,0,0.57,0,0,0,0,0,0,0,0,0,0,0,2.75,0,0,0,0,0,5.44,0,0,0,0,0,0,0,0,0,0,0,0,0,0,0,0,0,365.8,3.06,0,0,0,0,0,0,0,0,0,0,0,0,42.14,0.46,29.25,6.01,0,0,2.12,0,0,0,0,0,0,0,0,0,0,0,0,0,0,0.42,2.88,5.79,0,0,0,0,0,0,0,0,0,0,0,0,0.49,0,0,0
0,0,0,0,0,0,0,0,0,0,7.95,0,0,0,0,0,0,0,0,0,0,0,0,0,0,0,0,5.95,0.47,77.6,0,0.48,0,0,0,1.08,52.01,0,0,0,0,1.09,0,0,0,0,0,0,0,0,0,0,0,0,0,0,0,4.41,0,16.84,0,0,1.69,0,20.02,0,0,0,0,0,0,0.53,0,0,0,0,0,0,0,0,0,0,1.63,11.34,0,0.52,0,0,0.51,0,0,0,0,9,0.51,0,0,0,378.83,0,0,0.52,0,0,0,0,0,0,1.73,0,0,0,0,0,0,0,0,0,0.54,0,0,0,0,276.86,0,0,1.17,0,0,0,0,68.18,0,0,0,0,0,0,0.49,0,0,0,0,0,0,0,2.65,0,0,0,4.73,0,0,20.53,0,0,0,0,0,0,0,0,3.15,0,0,0,0,0,0.49,0,0,0,0,0,0,0,1.02,0,0,0,0.43,0,1.71,0,26.45,3.71,0,0,0,0,0,0,0,0,0,0,0,0,0,0,0,0,0,0,6.88,0,0,0,0,0,0,0,0,0,0,0,0,0,0.47,0,0,3.83
0,0,0,0,0,0,0.98,0,0,0,3.12,0,0,0,0,0,0,0,0,0,0,0,0,0,0,0,0,9.56,0.37,109.25,0,0,0,0,0.41,4.05,152.3,0,0,0,0,0.79,0,0,0,0,0,0,0,0,0,0,0,0,0,0,0,0,0,11.49,0,0,5.53,0,18.65,0.52,0,20.21,0,0,0,1.35,0,0,0,0,0,0,0,0,0,0,0,39.82,0,2.11,0,0,0.85,0,0,0,0,6.3,2.28,2.53,0,0,99.52,0,0,0.45,0,0,0,7.07,2.98,0,139.02,0,0,0,0.35,0,0,0,0,0,0.48,0,0,0,0.48,197.38,0,0,0,0,0,0,0,0,0,0,0,0,0,0,0,0,0,0,0,0,0,0,9.64,0,0,0,41.96,0,0,2.3,0,0,0,0,0,0,0.4,0,4.96,0,0,0,2.08,0,0,0,0,0,0,0,0,0,0,0,0,0,0,0,13.63,0,79.55,13.62,0,0,0,0,0,0,0,0,0,0,0,0,0,0,0,0,0,0,8.01,1.21,0,0,0,0,0,0,0,0,0,0,0.44,0,0,0,0,0
0,0,0,0,0,0,0,0,0,0,10.97,0,0,0,0,0,0,0,0,0,0,0,0,0,0,0,0,4.46,1.32,365.74,0,0,0,0,3.66,0.46,78.43,0,0,0.94,0,0,0,0,0,0,0,0,0,0,0,0,0,0,0,0,0,0.49,0,12.14,0,2.55,19.63,0,13.4,0,0.96,10.45,0,0,0,0,0,0,0,0,0,0,0,0,0,0,0,18.37,0,0.99,0,0,0.52,0,0.94,0,0,7.02,8.04,0,0,0,78.49,0,0,1.33,0.44,0,0,0,0,0,0,1.46,0,0,0,0,0.82,0,0,0,0,0,0,0,0.43,263.65,0,0,0,0,0,0,0,0,0,0,0,0,0,0,0,0,0,0,0,0,0,0,3.91,0,0,0,10.19,7.71,0,28.32,0,0,0,0,0,0,0,0,17.91,0,0,0,0,0,0.98,0,0,0,0,0,0,0,0,0,0,0,0,0,1.41,0,23.77,9.03,0,0,0,0,0,0,1.52,0,0,0,0,0,0,0,0,0,0,0,2.73,0,0,0,0,0,0,0,0,0,0,0,2.02,0,0.4,0,0,0
0,0,0,0,0,0,0.9,0,0,0,0,0,0,0,0,0,0,0,0,0,0,0,0,0,0,0,0,0.97,0,112.03,0,0,0,0,67.94,0.47,80.46,0,0,0,0,0,0,0,0,0,0,0,0,0,0,0,0,0,0,0,0,2.25,0,10.04,0,0,151.51,0,27.44,0,0,21.23,0,0,0,0,0,0,0,0,0,0,0,0,0,0,0.41,18.79,0,0,0,0,0,0,0,0,0,5.59,0,0,0,0,131.41,0,0,0.46,0,0,0,0.44,0,0,3.29,0,0,0,0,0,2.91,0,0,0,0,0,0,0,10.42,195.79,0,0,0,0,0,0,0,0,32.54,0,0,0,0,0,0,0,0,0,0,0,0,0,0,0,0,0,0.99,0,0,0,0,0,0,0,0,0,0.46,0,1.74,0,0,0,0.34,0,0,0,0,0,0,0,0,0,0,0,0,0,0,0,89.51,0,2.99,0,0,0,0,0,0,0,2.93,0,0,0,0,0,0,0,0,0,0,0,2.43,0,0,0,0,0,0,0,0,0,0,0,33.83,0,0,5.49,0,0
0,0,0,0,0.58,0,0,0,0,5.8,32.89,0,0,0,0,0,0,0,0,0,0,0,0,0,0,0,0,18.98,0,153.84,2.29,0,0,0,5.2,3.94,52.62,0,0,0.49,0,3.65,0,0,0,0,0,0,0,0,0,0,0,0,0,0,1.51,0.93,0,11.86,0,0,15.95,0,1.37,0,0,15.7,0,0,0.5,1.53,0,0,0,0,0,0,0,12.95,0,0,48.26,16.83,0,0,0,0,0,0,0,0,0,36.58,0,0,0,0,91.69,0,0,7.41,0,0,0,6.34,0,0,0,0,0,0,0.4,0,0,0,0,0,0,0,0,0,0.87,167.01,0,0,0,0,0,0,0,10.16,0,0,0,0,0,0,0,0,0,0,0.48,0,3.33,0,10.92,0,0,0,47.21,2.85,0,0.48,0,0,0,0,0,0,0,0,7.59,0,0,0,0,0,34.05,25.65,0,0,0,0,0,0,0,0,0,0,0,0,4.84,0,111.97,12.02,0,0,0,0,0,0,1.41,0,0,0,0,0,0,0,0,0,0,0,15.68,10.45,0,0,0,0,0,0,0,0,0,0,0,0,0,0,0,0.94
0,0,0,0,0,0,0,0,0,0,10.38,0,0,0,0,0,0,0,0,0,0,0,0,0,0,0,0,4.47,0.48,359.62,0,0,4.95,0,58.32,1.86,64.38,0,0,0.43,0,3.24,0,0,0,0,0,0,0,0,0.82,0,0,0,0,0,0,0.54,0,8.56,0,0,19.28,0,22.07,0,1.35,0,0,0,0,1.21,0,0,0,0,0,1.34,0,0,0,0,3.15,3.02,0,0.39,0,0,0,0,0,0,0,2.66,2.11,0,0,0,98.92,0,0,0,0,0,0,7.35,0,0,0,0,0,0,0,0,0,0,0,0,0.44,0,0,0,5.19,253.18,0,0,0,0,0,0,0,0,0,0,0,0,0,0,0,0,0,0,0,0,0.43,0,8.05,0,0,0,17.31,0,0,23.21,0,0,0,0,0,0,0.48,0,3.16,0,0,0,0,0,0.48,0,0,0,0,0,0,0,0,0,0,0,0,0,1.67,0,22.16,0,0,0,0,0,0,0,0,0,0,0,0,0,0,0,0,0,0,0,1.34,0,0,0,0,0,0,0,0,0,0,0,0,0,0,0,0,0
0,0,0,0,0,0,0,0,0,0,8.09,0,0,0,0,0,0,0,0,0,0,0,0,0,0,0,0,19.6,0,209.97,0,0,0,0,0,0.89,66.04,0,0,0.79,0,1.24,0,0,0,0,0,0,0,0,0,0,0,0,0,0,0,0,0,15.82,0,0,1.71,0,24.44,7.68,0,11.27,0,0,0,0,0,0,0,0,0,0,0,0,0,0,0,13.16,0,1.38,0,0,0,0,0,0,0,7.27,0,0,0,0,54.16,0,0,1.83,0,0,0,3.45,0,0,19.95,0,0,0,0,0,0,0,0,0,0.47,0,0,0,0,190.29,0,0,0,0.44,0,0,0,16.17,0,0,0,0,0,0,0,0,0,0,0,0,1.8,0,9.94,0,0,0,20.95,2.79,0,0,0,0,0,0,0,0,0,0,29.48,0,0,0,0,0,192.97,0,0,0,0,0,0,0,0,0,0,0,0,0,13.68,0,42.63,10.14,0,0,0,0,0,0,0,0,0,0,0,0,0,0,0,0,0,0,0,17.03,0,0,0,0,0,0,0,0,0,0,0,0,0,0,0,0.48
0,0,0,0,0,0,0,0,0,0,10.26,0,0,0,0,0,0,0,0,0,0,0,0,0,0,0,0,28.64,52.51,160.21,0.46,0.95,0,0,16.01,0.99,35.39,0,0,0,0,1.04,0,0,0,0,0,0,0,0,0,0,0,0,0,0,0,6.85,0,11.01,0,0.48,5.3,0,5.44,0,0,0,0,0,0,0,0,0,0,0,0,0,0,0,0,0,28.99,6.29,0,0,0,0,0,0,0,0,0,26.02,0,0,0,0,228.48,0,0,0,0,0,0,0.5,0,0,0,0,0,0,0,0,0.49,0,0,0,0,0,0,0,0,251.09,0,0,0,0,0,0,0,0,0,0,0,0,0,0,0,0,0,0,0,0,3.62,0,6.04,0,0,0,9.28,4.04,0,0.94,0,0,0,0,0,0,0,0,0,0,0,0,0.54,0,0,0,0,0,0,0,0,0,0,0,0,0,0,0,1.04,0,79.83,22.16,0,0,0,0,0,0,0,0,0,0,0,0,0,0,0,0,0,0,9.52,0,0,0,0,0,0,0,0,0,0,0,3.09,0,0,0,0,0.5
0,0,0,0,0,0,0,0,0,0,3.76,0,0,0,0,0,0,0,0,0,0,0,0,0,0,0,0,5.99,0,266.47,3.29,0,0,0,22.09,0,66.4,0,0,0,0,2.26,0,0.54,0,0,0,0,0,0,0,0,0,0,0,0,0,0,0,5.37,0,0,0,0,47.74,0,2.73,23.46,0,0,0,0.6,0,0,0,0,0,0,0,0,0,0,0,49.08,0,0,0,0,0,0,0,0,0,4.68,14.21,0,0,0,59.88,0,0,16.82,0,0,0,1.63,0,0,0,0,0.55,0,0,0,0,0,0,0,0,1.13,0,0,0,269.47,0,0,0,0,0,0,0,0,0,0,0,0,0,0,0,0,0,0,0,0,0,0,0,0,0,0,17.1,0,0,0,0,0,0,0,0,0,0,0,0,0,0,0,0,0,0,0,0,0,0,0,0,0,0,0,0,0,0,0,68.73,0,35.31,7.79,0,0,7.85,0,0,0,0,0,0,0,0,0,0,0,0,0,0,0,12.54,0,0,0,0,0,0,0,0,0,0,0,0,0,0,0,0,0.53
0,0,0,0,0,0,0,0,0,0,12.11,0,0,0,0,0,0,0,0,0.42,0,0,0,0,0,0,0,7.5,0,388.92,0,0,0,0,0,1.1,99.64,0,0,0,0,0.36,0,0,0,0,0,0,0,0,0,0,0,0,0,0,0,0,0,16.79,0,0,0,0,0,0,0.89,0,0,0,0,0,0,0,0,0,0,0,0,0,0,0,0,0.47,0,1.35,0,0,0,0,0,0,0,6.44,0,0,0,0,130.07,0,0,0.51,0,0,0,11.17,0,0,0,0,0,0,0,0,0,0,0,0,0,0,0,0,2.23,185.57,0,0,0,0,0,0,0,0,0,0,0,0,0,0,0,0,0,0,0,0,2.38,0,19.99,0,0,0,36.54,0,0,24.95,0,0,0,0,0,0,0,0,17.78,0,0,0,0,0,1.03,0,0,0,0,0,0,0,0,0,0,0,0,0,1.39,0,44.39,0,0,0,0,0,0,0,0,0,0,0,0,0,0,0,0,0,0,0,4.01,0,0,0,0,0,0,0,0,0,0,0,0,0,0,0,0,0
0,0,0,0,0,0,0,0,0,0,3.3,0,0,0,0,0,0,0,0,0,0,0,0,0,0,0,0,2.74,4.62,377.03,0,0,3.66,0,0,1.85,96.3,0,0,0,0,0.93,0,0,0,0,0,0,0,0,0,0,0,0,0,0,0,0,0,10.24,0,0,0,0,8.15,0,0.43,1.49,0,0,0,0.53,0,0,0,0,0,0,0,0,0,0,0,8.76,0,1.14,0,0,0,0,0,0,0,1.27,0,0,0,0,286.28,0,0,0,0,0,0,3.38,0,0,0,0,0,0,0,0,0,0,0,0,0,0,0,0,0.87,179.39,0,0,0,0,0,0,0,0,0,0,0,0,0,0,0,0,0,0,0,0,0,0,0,0,0,0,10.19,0,0,0,0,0,0,0,0,0,0,0,10.21,0,0,0,0,0,0,0,0,0.46,0,0,0,0,0,0,0,0,0,0,0.81,0,3.47,0,0,0,0,0,0,0,0,0,0,0,0,0,0,0,0,0,0,0,0.5,0,0,0,0,0,0,0,0,0,0,0,0,0,0,0,0,0
0,0,0,0,0,0,0,0,0,0,27.37,0,0,0,0,0,0,0,0.37,0,0,0,0,0,0,0,0,109.32,0,167.38,0.42,10.59,0,0,0.86,5.15,64.39,0,0,6.13,0,2.17,0,0,0,0,0,0,0,0,0,0,0,0,0,0,0,0,0,24.02,0.75,0,0.88,0,9.02,0,0,25.58,0,0,0,0.93,0,0,21.75,0,0,0,0,0,2.5,0,0,26.29,0,0,0,0,0,0,0,0,0,1.42,0,0,0,0,137.48,0,0,1.64,0,0,0,2.74,0,0,0,0,0,0,0,0,0,0,0,0,0.43,0,0,0,0,231.69,0,0,0,0,0,0,0,0,0,0,0,0,0,0,0,0,0,0,0,0,1.7,0,9.62,0,0,0,9.83,11.51,0,0.43,0,0,0,0,0,0,0,0,24.27,0,0,0,0,0.4,0.4,0,0,0,0,0,0.82,0,0,0,0,0,0,0,1.75,0,70.52,0.35,0,0,0,0,0,0,2.11,0,0,0,0,0,0,0,0,0,0,0,1.71,0,0,0,0,0,0,0,0,0,0,0,0,0,0,0,0,1.31
0,0,0,0,0,0.41,0,0,0,0,21.57,0,0,0,0,0,0,0,0,0,0,0,0,0,0,0,0,237.59,0,71.27,0,0,0,0,2.88,1.3,77.35,0,0,0,0,5.33,0,0,0,0,0,0,0,15.73,0,0,0,0,0.45,0,0.42,0,0,19.99,0.4,0,20.68,0,20.01,0,0,46.71,0,0,0,0.81,0,0,0,0,0,0,0,23.28,0,0.46,0,26.27,0,0,0,0,0,0,0.93,0,0,18.24,4.8,0,0,0,29.42,0,0,37.75,0,0,0,0.5,0,0,0,0.46,0.41,0,0.81,0,0,0,0,0,0,0,0,0,0,129.02,0,0,0.42,0.4,0,0,0,8.22,2.48,0,0,0,0,0,0,0,0,0,0,0,1.64,0,8.78,0,0,0,21.06,0,0,0,0,0,0,0,0,0,0.46,0,19.15,0,0,0,1.59,0,1.81,0,0,0,0,0,1.01,0,0,0,0,0.4,0,0,2.1,0,123.77,0.29,0,0,0,0,0,0,0,0,0,0,0,0,0,0,0,0,0,0,2.23,0.49,0,6.01,0,0,0.44,0,0,0,0,0,0,0,0,0,0,0
0,0,0,0,0,0,0,0,0,0,0,0,0,0,0,0,0,0,0,0,0,0,0,0,0,0,0,0.56,0,1.84,0,0,0,0,15.58,0,61.24,0,0,4.23,0,0,0,0,0,0,0,0,0,0,0,0,0,0,0,0,0,1.23,0,56.52,0,60.64,18.25,0,5.42,0,13.8,0,0,0,0,0,0,0,0,0,0,0,0,0,0,0,0,0.56,0,0,0,0,5.46,0.63,61.79,0,0,0,151.64,0,0,0,1.73,0,0,0,0,0,0,0,0,0,0,0,0,0,0,0,0.57,0,0,0,1.15,0,0,0,165.13,342.08,0,0,11.62,0,0,0,0,0,0,0,0,0,0,0,0,0,0,0,0,0,0,0,0,0,0,0,0,0,0,0,0,0,0,0,0,0,0,0,0,0,0,0,0,0,0,0,0,0,0,0,0,0,0,0,0,0,0,0,0,0,0,0,0,0,0,0,0,0,0,0,0,0,0,0,0,0,0,0,0,0.5,23.33,0,0,0,0,0,0,0,0,0,0,0,0,0,12.5,0,0,0
0,0,0,0,0,0,0,0,0,0,5.45,0,0,0,0,0,0,0,0,0,0,0,0,0,0,0,0,1.28,0,449.15,0,0,0,0,2.17,6.06,112.08,0,0,0,0,0,0,0,0,0,1.74,0,0,0,0,0,0,0,0,0,0,0,0,7.41,0,0,1.33,0,54.84,14.68,0,14.98,0,0,0,0,0,0,0,0,0,0,0,0,0,0,0,0.35,0,0,0,0,0,0,0,0,0,3.34,2.2,0,0,0,12.85,0,0,3.98,0,0,0,5.79,0,0,76.04,0,0,0,0,0,0,0,0,0,0,0,0,0,0,173.68,0,0,0,0,0,0,0,0,0,0,0,0,0,0,0,0,0,0,0,0,0,0,1.37,0,0,0,0,0,0,8.35,0,0,0,0,0,0,0,0,33.75,0,0,0,0,0,0.39,0,0,0,0,0,0,0,0,0,0,0,0,0,0,0,15.52,7.37,0,0,0,0,0,0,0,0,0,0,0,0,0,0,0,0,0,0,1.34,0,0,0,0,0,0,0,0,0,0,0,0,0,0,0.51,0,0
0,0,0,0,0,0,0,0,0,0,31.4,0,0,0,0,0,0,0,0,0,0,0,0,0,0,0,0,16.95,1.02,109.5,0,2.81,3.55,0,11.41,1.33,31.82,0,0,2.4,0,1.55,0,0,0,0,0,0,0,0,0,0,0,0,0,0,0,1,0,13.36,0.96,0,6.82,0,5.21,0.41,0,6.8,0,0,0,1.45,0,0,0,0,0,0,0,0,0,0,13.43,7.48,0,0,0,0,0,0,0,0,0,5.38,5.89,0,0,0,99.63,0,0,0.85,0,0,0,1.85,0,0,0,0,0,0,0.42,0,0,0,0,0,0.48,0,0,0,0,136.57,0,0,0,0,0,0,0,0,0.93,0,0,0,0,0,0,0,0,0,0,0,4.17,0,7.87,0,0,0,12.51,0,0,1.57,0,0,0,0,0,0,0,0,1.46,0,0,0,0,0,337.25,0.5,0,0,0,0,0,0,0,0,0,0,0,0,8.69,0,108.24,11.7,0,0,0,0,0,0,0,0,0,0,0,0,0,0,0,0,0,0,0.89,0,0,0,0,0,0,0,0,0,0,0,0,0,0,0,0,0.49
0,0,0,0,0,0.44,0,0,0,0,1.22,0,0,0,0,0,0,0,0,0,0,0,0,0,0,0,0,5.79,1.91,14,0,0,0,0,3.72,2.14,16.34,0,0,0.41,0,0.44,0,0,0,0,0,0,0,0,0,0,0,0,0,0,0,0,0,10.58,0,0,2.01,0.27,13.48,0.36,0,4.28,0,0,0,0,0,0,0,0,0,0,0,5.02,0,0,0,13.22,0,0,0,0,0,0,0,0,0,4.19,0,0,0,0,74.99,0,0,0.39,0,0,0,0,0.39,0,53.39,0,0,0,0,0,0,0,0,0,0,0,0,0,0.8,101.03,0,0,0,0,0,0,0,0,0,0,0,0,0,0,0,0,0,0,0,0,0,0,0.72,0,0,0,4.1,0.75,0,0,0,0,0,0,0,0,0,0,0,0,0,0,0,0,576.31,1.81,0,0,0,0,0,0,0,0,0,0,0,0,43.24,0,19.36,0,0,0,22.83,0,0,0,0,0,0,0,0,0,0,0,0,0,0,0,1.25,16.49,0,0,0,0,0,0.33,0,0,0,0,0,0,0,0,0,0
0,0,0,0,0,0,5.08,0.72,0.22,3.55,4.09,0,0,0,0,0,0,0,0,0.31,0,0,0,0,0,0,0,35.02,12.37,218.64,3.12,0,0,0,1.77,2.36,75.27,0,0,0,0,3.46,0,0,0.67,0,3.34,9.58,0,0,0,0,0,0,2.1,0,0,0,0,3.8,0.32,0,1.23,0,0,5.82,0.32,5.89,0,0,0,0.32,0,0,0.34,0,0,0,0,0,0,0,0,19.33,0,0,0,0,0,0,0.42,0,0,8.43,0,0,0,0,47.68,0,0,3.44,0,0,0,4.28,0,0,6.83,0,6.02,0,0.42,2.2,2.9,0,0,0,0,0,0,0,0,215.19,0,0.99,0,0.26,0,1.14,0,0,0,0,0,0,0,0,0,0,0,0,0.94,0,1.8,0,16.86,0,0,0,10.78,0,0,0,0,0.65,0,0,0,0,0,0,16.23,0,0,0,27.15,0.68,6.17,0,0,0.59,0,0,0.36,0,0,0,0,0,0,0,62.18,8.48,43.9,7.9,0,0,0,2.35,0,0,0,0,0,0,0,0,0,0,0,1.33,0,0.77,79.05,7.47,0,0,0,0,0,0,0,0,0,0,0,0,2.19,0.66,0,0.27
0,0,0,0,0,0,0.38,0,0,0,16.99,0,0,0,0,0,0,0,0,0,0,0,0,0,0,0,0,6.94,0.82,376.3,1.99,0,0.43,0,4.29,2.08,28.59,0,0,3.33,0,1.01,0,0,0,0,0,0,0,0,0,0,0,0,0,0,0,0.37,0,11.94,0,0,3.87,0,24.38,0.69,0.44,9.97,0,0,0,0.36,0,0,0,0,0,0,0,0,1.53,0,0,9.02,0,0,0,0,0,0,0,0,0,5.04,2.23,0,0,0,105.11,0,0,1.86,0,0,0,0,0,0,0,0,0,0,0,0,0,0,0,0,0,0,0,0,0,162.42,0,0,0,0,0,0,0,0,0,0,0,0,0,0,0,0,0,0,0,0,2.99,0.32,9.2,0.33,0,0,10.21,14.7,0,0.36,0.34,0,0,0,0,0,0,0.39,16.71,0,0,0,0.32,0,0.37,0,0,0,0,0,0,0,0,0,0,0,0,0,56.19,0,90.91,20.57,0,0,0,0,0,0,0,0,0,0,0,0,0.46,0,0,0,0,0,10.88,0,0,0,0,0,0,0,0,0,0,0,0,0,0.37,0,0,0
0,0,0,0,0,0,0,0,0,0.77,18.72,0,0,0,0,0,0,0,0,0,0,0,0,0,0,0,0,79.35,0.35,97.09,0,1.78,0,0,0,1.84,54.17,0,0,0,0,6.75,0,0,0,0,0,0,0,0,0,0,0,0,0,0,0.85,0.53,0,32.25,9.03,0,8.03,0,0.42,0,0,3.95,0,0,0,1.25,0,0,0,0,0,0,0,1.75,0,0,0,22.55,0,0,0,0,0.54,0,0,0,0,11.88,0,0,0,0,57.85,0,0,5.61,0,0,0,4.53,0,0,0,0,0,0,0,0,0,0,0,0,0.99,0,0,0,1.36,445.53,0,0,0,0,0,0,0,0,0,0,0,0,0,0,0,0,0,0,0,0,0.51,0,13.96,0,0,0,12.19,5.02,0,0,0,0,0,0,0,0,0,0,13.34,0,0,0,3.36,0,6.16,0,0,0,0,0,0,0,0,0,0,0,0,0,32.37,0,51.64,4.13,0,0,0,0,0,0,0,0,0,0,0,0,0,0,0,0,0,0,3.81,1.38,0,0,0,0,0,0,0,0,0,0,0,0,0,0,0,0.41
0,0,0,0,0,0,0,0,0,0,21.91,0,0,0,0,0,0,0,0,0,0,0,0,0,0,0,0,53.15,0,231.63,0,2.44,0.46,0,0.48,1.48,38.28,0,0,0.43,0,6.49,0,0,0,0,0,0,0,0,0,0,0,0,0,0,0,0,0,10.3,0,0,2.71,0,0,0,0,5.75,0,0,0,0.94,0,0,0,0,0,0,0,0,0,0,0,9.29,0,0,0,0,0,0,0,0,0,23.19,0.48,0,0,0,63.98,0,0,1.43,0,0,0,0,0,0,0,0,0,0,0,0.47,0,0,0,0,0.92,0,0,0,0,297.83,0,0,0,0,0,0,0,0,0,0,0,0,0,0,0,0,0,0,0,0.57,0.76,0,12.01,0,0,0,1.9,0,0,7.92,0,0,0,0,0,0,0,0,32.67,0,0,0,0,0.46,0,0,0,0,0,0,0,0,0,0,0,0,0,0,106.74,0,75.65,0.4,0,0,0,0,0,0,0,0,0,0,0,0,0,0,0,0,0,0.45,2.5,0,0,0,0,0,0,0,0,0,0,0,0,0,0,0,0,1.93
0,0,0,0,0,0,0,0,0,0.46,4.35,0,0,0,0,0,0,0,0,0,0,0,0,0,0,0,0,18.82,0.92,475.44,0,0.99,0,0,1.04,0,23.49,0,0,0,0,3.02,0,0,0,0,0,0,0,0,0,0,0,0,0,0,0,0,0,15.04,6.59,0,2.04,0,6.44,1.98,1.42,2.9,0,0,0,0,0,0,0,0,0,0,0,0,0,0,0,6.78,0,0,0,0,0,0,0,0,0,8.67,16.07,0,0,0,153.15,0,0,0.48,0,0,0,0.45,0,0,0,0,0,0,0,0,1.03,0,0,0,0.4,0,0.54,0,0,121.99,0,0,0,0,0,0,0,0,0,0,0,0,0,0,0,0,0,0,0,0,3,0,10.47,0,0,0,37.07,0,0,8.31,0,0,0,0,0,0,0,0,32.6,0,0,0,0,0,0.9,0,0,0,0,0,0,0,0.98,0,0,0,0,0,11.27,0,33.96,0.51,0,0,0,0,0,0,0,0,0,0,0,0,0,0,0,0,0,0,3.93,0,0,0,0,0,0,0,0,0,0,0,0.5,0,0,0,0,0
0,0,0,0,0,0,0,0,0,0,8.83,0,0.46,0,0,0,0,0,0,0,0,0,0,0,0,0,0,16.89,0,455.85,0,1.88,0,0,0.48,0.39,15.38,0,0,0.38,0,0.43,0,0,0,0,0,0,0,0,0,0,0,0,0,0,0,0,0,27.18,0.46,0.5,0.39,0,0.95,0,0,0.43,0,0,0,0,0,0,0,0.51,0,0,0,0,0,0,0,5.28,0,0,0,0,0.45,0,0,0,0,21.15,2.45,0,0,0,76.42,0,0,0.89,0,0,0,0.46,0,0,0,0,0,0,0,0,0,0,0,0,0,1.14,0,0,0.49,220.91,0,0,0,0,0,0,0,0,0,0,0,0,0,0,0,0,0,0,0,0,3.47,0,3.83,0,0,0,50,0,0,0.46,0,0,0,0,0,0,0,0,13.26,0,0,0,0,0,0,0.47,0,0,0,0,0,0,0,0,0,0,0,0,55.38,0,29.61,0,0,0,0,0,0,0,0,0,0,0,0,0,0,0,0,0,0,0,0,0,0,0,0,0,0,0,0,0,0,0,0.49,0,0,0,0,0
0,0,0,0,0,0,0,0,0,0,0,0,0,0,0,0,0,0,0,0,0,0,0,0,0,0,0,7.86,0,262.04,0,0,0.89,0,0,1.69,31.12,0,0,0,1.73,0,0,0,0,0,0,0,0,0,0,0,0,0,0,0,0,2.66,0,1.48,0.36,0,5.73,0,0,0,0,1.63,0,0,0,0,0,0,0,0,0,0,0,0,0,0,0,1.18,0,2.08,0,0,3.11,0,0,0,0,0,0.77,0,0,0,0.72,0,0,1.63,0,0,0,2.58,0.36,0,3.48,0,0,0,0,0,0.92,0,0,0,0,0,0,0,0,325.43,0,0,0,0,0,0,0,0,0,0,0,0,0,0,0,0,0,0,0,0,0,0,0,0,0,0,35.6,0,0,0,0,0,0,0,0,0,0,0,12.09,0,0,0,0,0,0,0,0,0,0,0,0,0,0,0,0,0,0,0,266.67,0,8.96,11.69,0,0,0.52,0,0,0,0,0,0,0,0,0,0,0,0,0,0,0,22.59,0,0,0,0,0,0,0,0,0,0,0,0,0,0,0,0,0.43
0,0,0,0,0,0,0,0.47,0,0,5.33,4.9,0,0,0,0,0.44,0,0,0,0,0,0,0,0,0,0,5.47,0,403.57,0,0,0,0,37.24,1.44,85.9,0,0,0,0,0,0,0,0,0,0,0,0,0,0,0,0,0,0,0,1.44,0.4,0,2.82,0,0,0.86,0,23.64,2.27,0,17.31,0,0,0,0,0,0,0,0,0,0,0,0,0,0,0,20.67,0,0,0,0,0.8,0,0,0,0,3.06,0,0,0,0,43.76,0,0,0.52,0,0,0,0,0,0,11.7,0,0,0,0,0,0,0,0,0,0,0,0,0,0,300.08,0,0,0,0,0,0,0,0,0,0,0,0,0,0,0,0,0,0.51,0,0,0,0,2.18,0,0,0,11.92,0,0,0,0,0,0,0,0,0,0,0.37,19.4,0,0,0,0,0,0,0,0,0,0,0,0,0,0,0,0,0,0,0,0,0,4.54,0,0.82,0,0,0,0,0,0,0,0,0,0,0,0,0,0,0,0,0,0.46,3.25,0,0,0,0,0,0,0.46,0,0,0,0,0,0,0,0,0
0,0,0,0,0,0,0,0,0,2.44,8.57,0,0,0,0,0,0,0,0,0,0,0,0,0,0,0,0,9.67,0.44,369.26,0,0,0,0,5.58,1.97,57.61,0,0,0.98,0,0,0,0,0,0,0,0,0,0,0,0,0,0,0,0,0,0,0,6.35,0,0,8.65,0,0.52,0,8.74,0,0,0,0,0.46,0,0,0,0,0,0,0,0,0,0,0,14.06,0,0,0,0,0,0,0,0,0,5.81,0,2.42,0,0,207.39,0,0,1.41,0,0,0,0.51,0,0,0.47,0,0,0,0,0,0,0,0,0,0,0,0,0,0,218.84,0,0,0.99,0,0,0,0,0,0,0,0,0,0,0,0,0,0,0,0,0,0,0,1.46,0,0,0,12.97,0,0,0,0,0,0,0,0,0,0,0,18.45,0,0,0,5.95,0,0.54,0,0,0,0,0,0,0,0,0,0,0,0,0,0.48,0,17.38,22.08,0,0,0,0,0,0,0,0,0,0,0,0,0,0,0,0,0,0,4.6,0,0,0,0,0,0,0,0,0,0,0,0.5,0,0,0,0,0.45
0,0,0,0,0,0,0.39,0,0,0,0,0,0,0,0,0,0,0,0,0,0,0,0,0,0,0,0,0.36,0,523.86,0,0,0,0,0,0,92.1,0,0,0,0,0,0,0,0,0,0,0,0,0,0,0,0,0,0,0,0,0,0,3.96,0,0.4,22.7,0,3.78,0,29.96,0,0,0,0,0,0,0,0,0,0,0,0,0,0,0,0,0.52,0,0,0,0,0,0,0,0,0,0,64.68,0,0,0,0,0,0,0.46,0,0,0,9.15,0,0,16.21,0,0,0,0,0.46,0,0,0,0,0,0,0,0,0,219.78,0,0,0,0,0,0,0,0,0,0,0,0,0,0,0,0,0,0,0,0,0,0,0,0,0,0,0,0,0,0,0,0,0,0,0,0,0,0,28.32,0,0,0,0,0,0,0,0,0,0,0,0,0,0,0,0,0,0,0,0,0,0,0,0,0,0,0,0,0,0,0,0,0,0,0,0,0,0,0,0,0,0.91,0,0,0,0,0,0,0,0,0,0,0,0,0,0,0,0,0
0,0,0.39,0,0,1.82,0,0.35,0,0,14.61,0.44,0,0,0,0,0,0,0,0,0,0,0,0,0,0,0,36.65,0.4,105.54,0,0.78,0,0,1.69,0.36,47.3,0,0,0,0,0,0,0,0,0,0,0,0,0,0,0,0,0,0,0,0,0.84,0,16.21,1.53,0,5.48,0,0.88,0,0,7.09,0,0,0,0,0,0,0,0,0,0,0,0,0,0,0,14.62,0,0,0,0,0,0,0,0,0,15,0,0,0,0,65.41,0,0,4.24,0,0,0,0.92,0,0,0.83,0,0,0,0,0.42,0.47,0,0,0,0,0,0,0,0,249.24,0,0,0,0,0,0,0,0,0,0,0,0,0,0,0,0,0,0,0,0,3.32,0,3.43,0,0,0,10.06,0,0,0,0,0,0,0,0,0,0.41,0,4.77,0,0,0,1.33,0.41,276.34,3.65,0,0,0,0,0,0,0,0,0,0,0,0,0,0,97.86,0,0,0,0,0,0,0,0,0,0,0,0,0,0,0,0,0,0,0,12.26,10.21,0,0,0,0,0,0,0,0.44,0,0,0,0,0,0,0,0
0,0,0,0,0,0,0,0.4,0,0,1.46,0,0,0,0,0,0,0,0,0,0,0,0,0,0,0,0,5.19,0,337.34,0,0,1.04,0,0,0,103.1,0,0,5.44,0,0,0,0,0,0,0,0,0,0,0,0,0,0,0,0,0,5.59,0,2.22,0,0,17.46,0.28,6.93,0,0.72,1.43,0,0,0,0,0,0,0,0,0,0,0,0,0.35,0,0,22.8,0,0,0,0,1.21,0,0,0,0,25.1,0,0,0,0,107.63,0,0,0.36,0,0,0,0.39,1.45,0,160.03,0,0,0,0,0,0,0,0,0,0,0,0,0,0,185.68,0,0,0.36,0,0,0,0,0,0,0,0,0,0,0,0,0,0,0,0,0,0,0,0,0,0,0,16,0,0,0,0,0,0,0,0,0,0,0,2.9,0,0,0,0,0,0.33,0.41,0,0,0,0,0,0,0,0,0,0,0,0,1.1,0,1.99,0,0,0,0,0,0,0,0,0,0,0,0,0,0,0,0,0,0,0,1.31,0,0,0,0,0,0,0,0,0,0,0,0,0,0,0,0,0
0,0,0,0,0,0,0,0,0,0,16.97,0,0,0,0,0,0,0,0,0,0,0,0,0,0,0,0,28.22,0.51,265.87,0,2.42,0,0,0,0.79,39.3,0,0,0,0,0,0,0,0,0,0,0,0,0,0,0,0,0,0,0,0,2.21,0,12.45,0.42,0.35,16.13,0,1.65,0,0,3.98,0,0,0,0.49,0,0,0,0,0,0,0,0,0,0,0,19.02,0,0,0,0,1.21,0,0,0,0,27.54,0.86,0,0,0,123.69,0,0,1.17,0.47,0,0,1.47,0,0,0,0,0,0,0.49,0,0.74,0,0,0,0,0,0,0,5.23,233.2,0,0,0,0,0,0,0,0,0,0,0,0,0,0,0,0,0,0,0,0,0.92,0,8.59,0,0,0,12.97,6.12,0,0,0,0.43,0,0,0,0,0,0,0.5,0,0,0,0,0,0,0,0,0,0,0,0,0,0,0,0,0,0,0,0.95,0,143.83,6.97,0,0,21.46,0,0,0,0,0,0,0,0,0,0,0,0,0,0,0,0,7.59,0,0,0,0,0,0,0,0,0,0,0,0,0,0,0,0.82
0,0,0,0,0,0,0,0,0,0,11.18,0,0,0,0,0,0,0,0,0,0,0,0,0.94,0,0,0,8.37,0,284.26,0,0,0,0,0,0,85.04,0,0,0,0,0,0,0,0,0,0,0,0,0,0,0,0,0,0,0,0,0.38,0,28.29,0.4,0,16.92,0,0,0,0,9.92,0,0,0,0,0,0,6.14,0,0,0,0,0,0,0,0,17.91,0,0,0,0,0,0,0.44,0,0,12.85,0,0,0,0,179.39,0,0,5.05,0,0,0,0,0,0,0,0,0,0,0,0,0.42,0,0,0,0,0,0,0,0,157.38,0,0,0,0,0,0,0,0,0,0,0,0,0,0,0,0,0,0,0.45,0,0.43,0,4.93,0,0,0,21.62,9.11,0,0.4,0,0,0,0,0,0,0,0,5.07,0,0,0,0.41,0.38,1,0,0,0,0,0,0,0,0,0,0,0,0,0,51.22,0,87.16,9.79,0,0,0,0,0,0,0,0,0,0,0,0,0,0,0,0,0,0,0.75,0,0,0,0,0,0,0,0,0,0,0,0,0,0,0,0,0
0,0,0,0,0,0,0,0,0,0,11.76,0,0,0,0,0,0,0,0,0,0,0,0,0,0,0,0,29.97,2.38,137.21,0.87,0,1.52,0,0,0,38.29,0,0,0,0,0,0,0,0,0,0,0,0,0,0,0,0,0,0,0,0,0,0,5.84,0,0,15.46,0,0.5,0,0,0,0,0,0,0.47,0,0,0,0,0,0,0,0,0,0,1.48,26.86,0,0,0,0,41.74,0,0.48,0,0,33.47,2.59,0,0,0,209.09,0,0,0.58,0,0,0,0.52,0,0,1.51,0,0,0,0,0,0,0,0,0,0,0,0,0,0,256.81,0,0.5,3.42,0,0,0,0,0,0,0,0,0,0,0,0,0,0,0,0.57,0,1.42,0,3.72,0,0,0,6.63,0,0,3.47,0,0,0,0,0,0,0,0,8.38,0,0,0,0,0,67.74,11.93,0,0,0,0,0,0,0,0,0,0,0,0,3.61,0,76.5,8.72,0,0.53,0,0,0,0,0,0,0,0,0,0,0,0,0,0,0,0,1.46,0,0,0,0,0,0,0,0,0,0,0,0,0,0,0,0,0
0,0,0,0,0,1.83,0.4,0.44,0,0,3.53,1.47,0,0,0,0,0,0,0,0,0,0,0,0,0,0,0,15.66,0,164.38,0,0,0,0,35.39,0,101.51,0,0,0,0,0,0.44,0,0,0,0,0,0,0,0,0,0,0,0,0,0,0,0,17.82,0,0,1.01,0,25.82,0,0,20.31,0,0,0,1.38,0,0,0,0,0,0,0,0,0,0,34.34,18.89,0,0,0,0,0,0,0,0,0,29.08,0.85,0,0,0,70.97,0,0,1.36,0,0,0,12.38,0,0,0,0,0,0,0.39,0,0,0,0,0,0,0,0,0,0,259.34,0,0,0,0,0,0,0,0,0,0,0,0,0,0,0,0,0,0,0,0,0,0,5.18,0,0,0,5.59,11.38,0,0.8,0,0,0,0,0,0,0,0,0.46,0,0,0,0,0,33.81,14.39,0,0,0,0,0,0,0,0,0,0,0,0,9.47,0,113.42,0,0,0,0,0,0,0,0,0,0,0,0,0,0,0,0,0,0,0,2.98,0,0,0,0,0,0,0,0,0,0,0,0,0,0,0,0,1.53
0,0,0,0,0,0,0,0,0,0.51,54.42,0,0,0,0,0,0,0,0,0,0,0,0,0,0,0,0,51.26,0,100.99,0,0,0,0,10.07,0,45.31,0,0,0,0,9.52,0,0,0,0,0,0,0,0,0,0,0,0,1.56,0,0,0,0,15.71,0,0,52.27,0,0,0,0.5,21.8,0,0,0,11.8,0,0,15.49,0,0,0,0,0,0,0,27.85,3.57,0,0,0,0,0,0,0,0,0,26.04,0,0,0,0,163.54,0,0,4.14,0,0,0,0,0,0,0,0,0,0,0,0,0,0,0,0,0,0,0,0,0,101.31,0,0,1.16,0,0,0,0,0,8.35,0,0,0,0,0,0,0,0,0,0,0,0.49,0,16.92,0,0,0,23.72,0,0,0,0,0,0,0,0,0,0,0,3.46,0,0,0,4.64,0,0.43,0,0,0,0,0,0,0,0,0,0,15.14,0,0,0,0,146.55,6.25,0,0,0.55,0,0,0,2.2,0,0,0,0,0,0,0,0,0,0,0,68.89,0,0,0,0,0,0,0,0,0,0,0,0,0.54,1.05,0,0,0
0,0,0,0,0,0,0,0,0,0,2.85,0,0,0,0,0,0,0,0,5.54,0,0,0,0,0,0,0,1.27,0,505.29,0,0,0,0,34.73,3.14,34.03,0,0,0,0,0,0,0,0,0,0,0,0,0,0,0,0,0,0,0,0,1.99,0,15.81,0,1.86,80.75,0,0.63,0,0.64,0,0,0,0,0.67,0,0,0,0,0,0,0,0.61,0,4.32,0,0.6,0,4.12,0,0,0.69,0,0.62,0,0,19.66,34.39,1.23,0,0,9.68,0,0,9.92,0,0,0,29.41,0.68,0,20.37,0,0,0,0.64,0,0,0,0,0,0,0,0,0,0,96.65,0,0,0,0,0,0,0,0.63,0,0,0,0,0,0,0,0,0,0,0,0,0,0,0.61,0,0,0,11.48,0,0,18.28,0,0,0,0,0,0,0,0,9.77,0,0,0,0.65,0,0.52,0,0,0,0,0,0,0,0,0,0,0.66,0,0,0.66,0,16.69,29.92,0,0,0,0,0,0,0,0,0,0,0,0,0,0,0,0,0,0.56,2.93,0,0,0,0,0,0,0,0,0,1.29,0,0.56,0,0,0,0,0
