"Group","Abiotrophia","Acetobacter","Achromobacter","Acidaminococcus","Acinetobacter","Actinobacteria_unclassified","Actinomyces","Actinomycetales_unclassified","Aggregatibacter","Akkermansia","Alistipes","Allisonella","Allobaculum","Alloprevotella","Alloscardovia","Alphaproteobacteria_unclassified","Aminicenantes_unclassified","Anaerococcus","Anaerofustis","Anaerotruncus","Aneurinibacillus","Arcobacter","Atopobium","Bacillaceae_2_unclassified","Bacillales_unclassified","Bacilli_unclassified","Bacillus","Bacteria_unclassified","Bacteroidales_unclassified","Bacteroides","Bacteroidetes_unclassified","Barnesiella","Betaproteobacteria_unclassified","Bifidobacteriaceae_unclassified","Bifidobacterium","Bilophila","Blautia","Brevibacterium","Bulleidia","Burkholderiales_unclassified","Butyricicoccus","Butyricimonas","Calditerrivibrio","Caloramator","Campylobacter","Campylobacterales_unclassified","Candidatus_Saccharibacteria_unclassified","Capnocytophaga","Cardiobacterium","Catenibacterium","Catonella","Cetobacterium","Chitinophagaceae_unclassified","Chromatiaceae_unclassified","Cloacibacillus","Cloacibacterium","Clostridia_unclassified","Clostridiaceae_1_unclassified","Clostridiales_Incertae_Sedis_XI_unclassified","Clostridiales_unclassified","Clostridium_IV","Clostridium_sensu_stricto","Clostridium_XI","Clostridium_XIX","Clostridium_XlVa","Clostridium_XlVb","Clostridium_XVIII","Collinsella","Comamonadaceae_unclassified","Comamonas","Coprobacillus","Coriobacteriaceae_unclassified","Corynebacterium","Cryomorphaceae_unclassified","Deltaproteobacteria_unclassified","Desulfobacteraceae_unclassified","Desulfobulbaceae_unclassified","Desulfomicrobium","Desulfotomaculum","Desulfovibrio","Desulfovibrionaceae_unclassified","Desulfovibrionales_unclassified","Dialister","Dorea","Edwardsiella","Eggerthella","Eikenella","Enhydrobacter","Enterobacteriaceae_unclassified","Enterococcaceae_unclassified","Enterococcus","Enterorhabdus","Erysipelothrix","Erysipelotrichaceae_unclassified","Escherichia/Shigella","Eubacteriaceae_unclassified","Eubacterium","Facklamia","Faecalibacterium","Filifactor","Finegoldia","Firmicutes_unclassified","Flavobacteriaceae_unclassified","Flavobacteriales_unclassified","Flavobacterium","Flavonifractor","Fusobacteriaceae_unclassified","Fusobacteriales_unclassified","Fusobacterium","Gammaproteobacteria_unclassified","Gemella","Gemmobacter","Gordonibacter","Granulicatella","Haemophilus","Hallella","Helicobacter","Helicobacteraceae_unclassified","Holdemania","Howardella","Hydrogenophilus","Kingella","Klebsiella","Lachnospiraceae_unclassified","Lactobacillaceae_unclassified","Lactobacillales_unclassified","Lactobacillus","Lactococcus","Leptospira","Leptotrichia","Limnohabitans","Megamonas","Megasphaera","Meiothermus","Methylobacterium","Methylococcaceae_unclassified","Methylocystis","Mitsuokella","Moraxella","Moraxellaceae_unclassified","Mucispirillum","Mycoplasma","Neisseria","Neisseriaceae_unclassified","Odoribacter","Omnitrophica_unclassified","Oscillibacter","Oxalobacter","Oxalobacteraceae_unclassified","Paludibacter","Parabacteroides","Paraprevotella","Parascardovia","Parasutterella","Parvimonas","Pasteurellaceae_unclassified","Pediococcus","Pedobacter","Peptococcus","Peptoniphilus","Peptostreptococcaceae_unclassified","Peptostreptococcus","Phascolarctobacterium","Phenylobacterium","Plesiomonas","Polynucleobacter","Porphyromonadaceae_unclassified","Porphyromonas","Prevotella","Prevotellaceae_unclassified","Propionibacterium","Proteobacteria_unclassified","Proteus","Providencia","Pseudoflavonifractor","Pseudomonadaceae_unclassified","Pseudomonas","Pseudoxanthomonas","Psychrobacter","Pyramidobacter","Rhizobiales_unclassified","Rhodobacteraceae_unclassified","Roseburia","Rothia","Ruminococcaceae_unclassified","Ruminococcus","Ruminococcus2","Salmonella","Selenomonadales_unclassified","Selenomonas","Serratia","Shuttleworthia","Slackia","Solobacterium","Sphingobacteriaceae_unclassified","Sphingobacterium","Sphingobium","Sphingomonadaceae_unclassified","Sphingomonadales_unclassified","Spirochaetaceae_unclassified","Spirochaetales_unclassified","SR1_unclassified","Staphylococcus","Streptococcaceae_unclassified","Streptococcus","Sutterella","Symbiobacterium","Synergistaceae_unclassified","Syntrophobacteraceae_unclassified","Thauera","Thermodesulfovibrio","Thermolithobacter","Thermotoga","Thiofaba","Treponema","Trichococcus","Turicibacter","Varibaculum","Veillonella","Veillonellaceae_unclassified","Vibrio","Weissella"
"C01",0,1,3,0,0,0,3,3,0,3,18,0,0,0,0,0,1,0,0,4,2,0,0,0,0,0,1,71,12,1072,2,0,5,0,92,7,506,0,0,2,0,16,0,0,0,0,2,6,0,3,0,0,0,1,0,0,1,7,0,69,0,2,18,0,60,3,0,13,0,0,0,0,0,0,1,0,0,0,2,1,0,0,5,75,2,12,0,0,4,0,15,0,0,52,13,0,0,0,267,0,0,18,0,0,0,54,2,0,24,1,7,0,0,0,3,0,0,0,4,0,1,0,9,495,0,4,8,0,0,1,0,6,5,0,1,0,0,6,0,0,0,0,6,1,24,1,32,0,0,0,115,2,0,1,16,0,0,0,0,0,0,18,48,0,0,0,15,7,46,1,0,1,0,0,0,0,1,0,0,1,1,0,12,6,187,5,0,0,3,0,1,0,0,0,0,0,1,0,0,2,0,0,0,12,40,6,2,0,0,0,1,0,2,0,0,0,0,0,2,4,0,21
"C03",0,0,0,0,0,0,1,0,0,0,0,0,0,0,0,0,0,2,0,0,0,0,0,0,0,0,0,1,0,129,0,0,0,0,0,0,982,0,0,0,0,0,0,0,0,0,0,0,0,0,0,20,0,0,0,0,1,3,0,32,0,11,48,0,2,0,138,0,0,0,0,0,0,0,0,0,0,0,0,0,0,0,0,33,0,0,1,0,63,0,7,0,0,0,254,0,0,0,4,0,1,117,0,0,0,8,0,0,4,0,0,0,0,0,0,0,0,0,0,0,0,0,23,135,0,0,1,0,0,0,0,0,0,0,0,0,0,0,0,0,0,0,0,0,0,0,0,0,0,0,0,0,0,0,0,0,0,0,0,0,1,0,0,0,3,0,0,0,0,0,1,0,5,0,0,0,0,0,0,0,0,0,0,0,1,0,0,0,0,0,0,0,0,0,0,0,0,0,0,0,0,0,0,0,6,0,0,0,0,0,0,0,0,0,0,0,3,0,0,0,0,1
"C05",0,0,0,0,0,0,0,0,0,2,33,0,0,0,0,0,0,0,0,0,0,0,0,0,0,0,0,54,1,352,0,0,0,0,126,0,141,0,0,0,0,0,0,0,0,0,0,0,0,0,0,0,0,0,0,0,0,0,0,20,1,0,0,0,15,0,12,6,0,0,0,1,0,0,3,0,0,0,0,0,0,0,0,38,0,0,0,0,0,0,1,0,0,0,6,0,0,0,756,0,0,4,0,0,0,4,0,0,1,0,0,0,0,0,1,0,0,0,4,0,0,0,2,1072,0,0,0,0,0,0,0,1,0,0,0,0,0,0,0,0,0,0,0,0,0,0,9,0,0,0,21,0,0,0,0,0,0,0,0,0,0,3,0,0,0,0,0,0,0,0,0,0,0,0,0,0,0,0,0,0,0,0,27,0,23,64,0,0,7,0,0,0,0,0,0,0,0,0,0,0,0,0,0,0,53,0,0,0,0,0,0,0,0,0,0,0,0,0,0,0,0,0
"C07",0,0,0,0,0,0,4,0,0,0,16,6,0,0,0,0,0,1,0,2,0,0,0,0,0,0,0,1,0,381,0,0,0,0,172,4,66,0,0,0,0,5,0,0,0,0,0,0,0,0,0,0,0,0,0,3,0,0,0,14,0,0,0,0,12,0,1,63,0,0,0,0,0,0,0,0,0,0,0,0,0,0,2,53,0,1,0,0,0,0,0,0,0,16,0,1,5,0,418,1,0,0,0,0,0,15,1,0,89,0,14,0,0,2,1,0,0,0,0,0,0,0,1,297,0,0,0,0,0,0,0,169,0,0,0,0,0,0,0,0,0,0,0,0,3,0,4,0,0,0,36,1,1,0,3,0,0,0,0,0,0,42,16,0,0,0,0,416,163,5,0,0,0,0,0,0,0,0,0,0,0,0,0,0,37,0,1,0,0,0,0,0,2,1,0,0,0,0,1,0,0,0,0,0,7,24,0,0,0,0,0,0,1,0,0,0,0,0,0,0,0,3
"C09",0,0,0,0,0,0,0,0,0,0,0,0,0,0,0,0,0,0,0,0,0,0,0,0,0,0,0,22,0,645,4,0,0,0,50,0,343,0,0,0,0,4,0,0,0,0,0,0,0,0,0,0,0,0,0,0,0,0,0,12,0,0,0,0,1,0,11,0,0,0,0,0,0,0,0,0,0,0,0,0,0,0,4,85,0,2,0,0,0,0,0,0,0,0,2,1,0,0,271,0,0,0,0,0,1,0,0,0,0,1,0,0,0,0,0,0,0,0,1,0,0,0,1,491,0,0,0,0,0,0,1,1,0,0,0,0,0,0,0,0,0,0,0,0,0,0,0,0,0,0,44,0,0,0,0,0,0,0,0,0,0,4,0,0,0,0,0,0,0,0,0,0,0,0,0,0,0,0,0,0,0,0,2,0,180,1,0,0,0,0,0,0,0,0,0,0,0,2,0,0,0,0,0,0,1,0,0,0,0,0,0,0,0,0,0,0,0,0,0,0,0,1
"C11",0,0,0,0,0,0,0,0,0,0,0,0,0,0,0,0,0,0,0,0,0,0,0,0,0,0,0,7,0,720,0,0,0,0,96,2,334,0,0,0,0,0,0,0,0,0,0,0,0,0,0,0,0,0,0,0,0,0,0,10,3,0,0,0,233,21,27,0,0,0,0,0,0,0,0,0,0,0,0,0,0,0,0,1,0,5,0,0,2,0,0,0,0,8,7,6,0,0,250,0,0,19,0,0,0,11,0,0,1,0,0,0,0,0,1,0,0,0,0,0,0,0,1,316,0,0,0,0,0,0,0,0,0,0,0,0,0,0,0,0,0,0,1,0,6,0,8,0,0,0,64,0,0,10,0,0,0,0,0,0,0,0,9,0,0,0,34,0,3,0,0,0,0,0,0,0,0,0,0,0,0,0,0,0,4,0,0,0,0,0,0,0,0,0,0,0,0,0,0,0,0,0,0,0,21,0,0,0,0,0,0,0,0,0,0,0,0,0,0,0,0,0
"C13",0,0,0,0,0,0,0,0,0,0,4,0,0,0,0,0,0,0,0,0,0,0,0,0,0,0,0,397,39,128,11,3,0,0,6,1,140,0,0,0,0,1,0,0,0,0,0,0,0,12,0,0,0,0,0,0,1,18,0,108,7,1,61,0,1,0,1,24,0,0,0,49,0,0,0,0,0,0,0,0,29,0,26,8,0,0,0,0,0,0,0,0,0,5,5,0,0,0,59,0,0,41,0,0,0,1,0,0,0,0,0,0,0,0,0,0,0,0,0,0,0,0,26,421,0,0,1,1,0,0,0,0,3,0,0,0,0,0,0,0,0,0,0,0,1,0,51,0,0,0,30,1,0,0,0,0,0,0,0,0,0,0,0,0,0,0,1,0,46,51,0,0,0,0,1,0,0,0,0,0,0,0,1,0,343,13,0,0,16,0,0,0,0,0,0,0,0,0,0,0,0,0,0,0,18,0,0,0,0,0,0,0,0,0,0,0,3,0,0,0,0,2
"C15",0,0,0,0,0,0,0,0,0,1,11,0,0,0,0,0,0,0,0,0,0,0,0,0,0,0,0,58,14,327,7,3,0,0,300,2,101,0,0,0,0,0,0,0,0,0,0,0,0,0,0,0,0,0,0,0,0,0,0,42,0,0,34,0,0,0,0,71,0,0,0,5,0,0,0,0,0,0,0,0,0,0,0,23,0,0,0,0,0,0,0,0,0,17,0,0,0,0,586,0,0,3,0,0,0,3,0,0,0,0,1,0,1,0,4,0,0,0,0,0,0,0,0,392,0,0,0,0,0,0,0,0,0,0,0,0,0,0,0,0,0,0,0,0,0,0,1,0,0,0,31,4,0,0,0,0,0,0,0,0,0,0,44,0,0,0,4,0,0,1,0,0,0,0,0,0,0,0,0,0,0,0,12,1,46,21,0,0,0,0,0,0,0,0,0,0,0,0,0,0,0,0,0,0,8,0,0,0,0,0,0,0,0,0,0,0,8,0,0,0,0,0
"C17",0,0,0,0,0,2,0,1,0,0,82,0,0,0,0,0,0,0,0,0,0,0,1,0,0,0,0,8,17,263,0,0,1,0,0,0,47,0,0,0,0,20,0,0,0,0,0,2,0,6,0,0,0,0,0,0,0,0,0,19,1,0,21,0,5,0,1,3,0,0,0,1,0,0,0,0,0,0,0,0,0,1,0,15,0,0,0,0,1,0,0,0,0,43,0,0,0,0,233,0,0,40,0,0,0,0,0,0,2,0,0,0,0,0,0,0,0,0,0,1,0,0,0,486,0,0,0,0,0,0,0,1,0,0,0,0,0,0,0,0,0,0,0,0,5,0,11,0,0,0,15,2,0,31,0,0,0,0,0,0,0,0,0,0,0,0,3,6,685,1,0,0,0,0,0,0,0,0,0,0,1,0,1,0,57,39,0,0,0,0,0,0,0,2,0,0,0,0,0,0,0,0,0,0,2,0,0,0,0,0,0,0,0,0,0,0,1,0,3,0,0,11
"C19",0,0,0,0,0,0,0,0,0,3,16,0,0,0,0,0,0,0,0,0,0,0,0,0,0,0,0,14,0,331,0,0,0,0,9,3,170,0,0,1,0,0,0,0,0,0,0,0,0,55,0,0,0,0,0,0,0,0,0,16,0,0,32,0,17,0,0,14,0,0,0,1,0,0,0,0,0,0,0,0,0,0,1,56,0,3,0,0,0,0,0,2,0,6,2,0,0,0,173,0,0,2,0,0,0,2,0,0,86,0,11,0,0,0,0,0,0,0,0,0,0,0,0,393,0,0,0,0,0,0,0,67,0,0,0,0,0,0,0,0,0,0,0,0,3,0,6,0,0,0,56,0,0,0,1,0,0,0,0,0,0,10,27,0,0,0,0,21,0,0,0,0,0,0,0,0,0,0,0,0,0,0,3,0,22,0,0,0,0,0,0,0,0,1,0,1,0,0,0,0,0,0,0,0,42,0,0,0,0,0,0,0,0,0,0,0,0,0,0,0,0,0
"C21",0,0,0,0,0,0,0,2,0,0,0,0,0,0,0,0,0,0,0,0,0,0,0,0,0,0,0,24,0,0,0,0,0,0,0,0,0,0,0,0,0,0,0,0,0,0,0,0,0,0,0,0,0,0,0,0,0,2,0,0,1,4,3,0,0,0,0,0,0,0,0,0,0,0,0,0,0,0,0,0,0,0,0,0,0,0,0,0,98,1,1224,0,0,0,207,1,0,0,8,0,0,20,0,0,0,0,0,0,0,0,0,0,0,0,0,0,0,0,0,0,0,0,96,1,0,28,0,0,0,0,0,0,0,0,0,0,0,0,0,0,0,0,0,0,0,0,0,0,0,0,0,0,0,0,0,0,0,0,0,0,0,0,0,0,0,0,0,0,0,0,0,0,0,0,0,0,0,0,0,0,0,0,0,0,40,0,0,0,0,0,0,0,0,0,0,0,0,0,0,0,0,0,0,0,8,0,0,0,0,0,0,0,0,0,0,0,0,0,0,0,0,1
"C23",0,0,0,0,0,1,0,0,0,1,17,1,0,0,0,0,0,0,0,0,0,0,0,0,0,0,0,19,0,251,1,0,0,1,473,8,278,0,0,0,0,1,0,0,0,0,0,0,0,0,0,0,0,0,0,0,1,149,0,25,0,0,5,0,1,0,0,153,0,0,0,1,0,0,0,0,0,0,0,0,0,0,0,9,0,2,0,0,0,0,0,0,1,16,2,0,0,0,2,0,0,18,0,0,0,16,0,0,0,0,0,0,0,1,0,0,0,0,0,0,0,0,0,399,0,0,0,0,0,0,0,307,0,0,0,0,0,0,0,0,0,0,0,0,0,0,0,0,0,0,7,0,0,0,0,0,0,0,0,0,0,0,32,0,0,0,0,0,0,0,0,0,0,0,0,0,0,0,0,0,0,0,0,0,32,1,0,0,0,0,0,0,0,0,0,0,0,0,0,0,0,0,0,1,3,0,0,0,0,0,0,0,0,0,0,0,0,0,0,0,0,1
"C25",0,0,0,0,0,0,1,0,0,0,4,0,0,0,0,0,0,0,0,0,0,0,0,0,0,0,0,150,0,33,0,0,0,0,0,10,492,0,0,0,0,0,0,0,0,0,0,0,0,0,0,0,0,0,0,0,0,4,0,44,6,0,13,0,45,0,2,0,0,0,0,8,0,0,0,0,0,0,0,0,0,0,0,98,0,2,0,0,1,0,0,0,0,11,30,3,0,0,584,0,0,28,0,0,0,30,0,0,0,0,0,0,0,0,0,0,0,0,2,0,0,0,28,1439,0,0,0,0,0,0,0,0,0,0,0,0,0,0,0,0,0,0,0,0,3,0,27,0,0,0,7,0,0,1,0,0,0,0,0,1,0,0,58,0,0,0,0,0,0,0,0,0,0,0,2,0,0,0,0,0,0,0,7,0,176,63,0,0,0,0,0,0,0,0,0,0,0,0,0,0,0,0,0,0,2,0,0,0,1,0,0,0,0,0,0,0,1,0,0,0,0,0
"C27",0,0,0,0,0,1,0,0,0,0,22,0,0,0,0,0,0,1,0,0,0,0,0,0,2,0,0,35,1,254,0,0,0,0,2,2,239,0,0,0,0,0,0,0,0,0,0,0,0,0,0,0,0,0,0,0,0,4,0,24,0,0,39,0,2,0,1,28,0,0,0,4,0,0,0,0,0,0,0,0,0,0,0,67,0,3,0,0,0,0,0,0,0,7,1,0,0,0,473,0,0,22,0,0,0,5,0,0,6,0,13,0,0,0,0,0,0,0,0,0,0,0,0,619,0,0,0,0,0,0,0,0,0,0,0,0,0,0,0,0,1,0,0,0,1,0,34,0,0,0,4,0,0,0,7,0,0,0,0,3,0,44,4,0,0,0,2,0,6,1,0,0,0,0,0,0,0,0,0,0,0,0,7,0,234,21,0,0,0,0,0,0,1,0,0,0,0,0,0,0,0,0,0,0,2,0,0,0,0,0,0,0,0,0,0,0,2,0,0,0,0,1
"C29",0,0,0,0,1,0,1,0,0,0,7,0,0,0,0,0,0,0,0,0,0,0,0,0,0,0,0,1,0,193,0,0,0,0,2,8,153,0,0,0,0,0,0,0,0,0,0,0,0,0,0,0,0,0,0,0,0,0,0,5,0,0,0,0,2,0,1,0,0,0,0,0,0,0,0,0,0,0,0,0,0,0,0,11,0,1,0,0,0,0,3,0,0,0,93,0,0,0,1,0,0,7,0,0,0,7,9,0,762,0,0,0,0,0,0,0,0,0,1,0,0,0,1,524,0,0,2,0,0,0,0,0,0,0,0,0,0,0,0,0,0,0,0,0,0,0,14,0,0,0,119,0,0,0,0,0,0,0,0,0,0,11,94,0,0,0,0,0,0,0,0,0,0,0,0,0,0,0,0,0,0,2,0,0,2,0,0,0,0,0,0,0,0,0,0,0,0,0,0,0,0,0,0,1,35,0,0,0,0,0,0,0,0,0,0,0,0,0,0,0,0,2
"C31",0,0,0,0,0,0,0,0,0,4,3,3,0,0,0,0,0,0,0,0,0,0,0,0,0,0,0,28,1,64,0,0,0,0,0,10,138,0,0,0,0,0,0,0,0,0,0,0,0,0,0,0,0,0,0,0,0,0,0,62,0,8,27,0,0,0,1,12,0,0,0,0,0,0,0,0,0,0,0,0,0,0,0,28,0,1,0,0,7,0,27,0,0,6,3,0,0,0,441,0,0,30,0,0,0,7,0,0,0,0,0,0,0,1,0,0,0,0,0,0,0,0,8,271,0,1,104,5,0,0,0,0,0,0,0,0,0,0,0,0,0,0,0,0,0,0,21,0,0,0,15,0,0,0,0,0,0,0,0,0,0,0,0,0,0,0,0,0,309,58,0,0,0,0,0,0,0,0,0,0,0,0,0,0,89,21,0,0,69,0,0,0,0,0,0,0,0,0,0,0,0,0,0,5,109,0,0,0,0,0,0,0,0,0,0,0,0,0,0,0,0,38
"C33",0,0,0,0,11,0,0,0,0,0,1,0,0,0,0,0,0,0,0,0,0,0,0,0,0,0,0,50,0,29,0,0,0,0,63,0,763,0,0,0,0,0,0,0,0,0,0,0,0,0,0,0,0,0,0,0,0,0,0,61,0,0,24,0,2,0,0,99,0,0,0,2,0,0,0,0,0,0,0,0,0,0,13,69,0,1,0,0,5,0,0,0,0,42,4,0,0,0,855,0,0,0,0,0,0,20,0,0,0,0,0,0,0,0,0,0,0,0,8,0,0,0,4,488,0,0,0,11,0,0,0,0,0,0,0,0,0,0,0,0,0,0,0,0,0,0,0,0,0,0,4,0,0,0,0,0,0,0,0,0,0,1,5,0,0,0,0,0,4,0,0,0,0,0,0,0,0,0,0,0,0,0,1,0,169,117,0,0,0,0,0,0,0,0,0,0,0,0,0,0,0,0,0,0,8,0,0,0,0,0,0,0,0,0,0,0,2,0,1,0,0,10
"C35",0,0,0,0,1,0,0,0,0,57,1,0,0,0,0,0,0,0,0,0,0,0,0,0,0,0,0,0,0,1014,0,0,0,0,0,0,4,0,0,0,0,0,0,0,0,0,0,0,0,0,0,0,0,0,0,0,0,1,0,22,0,16,12,0,296,0,1,0,0,0,0,0,0,0,0,0,0,0,0,0,0,0,0,0,0,2,0,2,4,0,46,0,0,0,71,0,0,0,1,0,0,0,0,0,0,8,0,0,0,0,0,0,0,0,0,0,0,0,0,0,0,0,31,52,0,0,1,0,0,0,0,0,0,1,0,0,0,0,0,0,0,0,0,0,0,0,1,0,0,0,14,0,0,0,0,0,0,0,0,0,0,0,2,0,0,0,0,0,1,0,0,0,0,0,0,0,0,0,0,0,0,0,3,0,0,0,0,0,0,0,0,0,0,0,0,0,0,0,0,0,0,0,0,0,22,0,0,0,0,0,0,0,0,0,0,0,0,0,1,0,0,0
"C37",0,0,0,1,0,0,0,0,0,0,4,1,0,0,0,0,0,0,0,0,0,0,0,0,0,0,0,21,7,95,4,0,0,0,3,0,32,0,0,0,0,0,0,0,0,0,0,0,0,0,0,0,0,0,0,0,0,0,0,6,0,0,0,0,0,0,0,3,0,0,0,0,0,0,0,0,0,0,0,1,0,0,0,9,0,0,0,0,2,0,8,0,0,1,0,0,0,0,92,0,0,2,0,0,0,5,0,0,0,0,0,0,0,0,1,0,0,0,0,0,0,0,57,290,0,0,0,0,0,0,0,0,0,0,0,0,0,0,0,0,0,0,0,0,0,0,9,0,0,0,8,0,0,0,0,0,0,0,0,0,0,0,0,0,0,0,0,0,203,2,0,0,0,0,0,0,0,0,0,0,0,0,0,0,28,11,0,0,9,0,0,0,0,0,0,0,0,0,0,0,0,0,0,0,100,0,0,0,0,0,0,0,0,0,0,0,0,0,0,0,0,3
"C39",0,0,0,0,0,0,0,0,0,1,2,0,0,0,0,0,0,4,0,0,0,0,0,0,0,0,0,1,0,744,0,0,0,0,0,0,0,0,0,0,0,0,0,0,7,0,0,0,0,0,7,0,0,0,0,0,0,0,0,4,0,0,0,1,6,53,0,0,0,0,0,0,0,0,0,0,0,0,0,1,0,0,10,0,0,1,0,0,0,0,0,0,0,0,0,0,0,0,8,0,10,0,0,0,0,1,4,0,196,0,0,0,0,12,2,0,0,0,0,0,0,0,2,16,0,0,0,1,0,0,0,0,0,0,0,0,0,0,0,0,0,0,0,0,0,0,0,0,0,0,20,0,0,0,16,0,0,0,0,9,0,249,0,0,0,0,0,1433,15,0,0,0,0,0,0,0,0,0,0,0,0,0,0,0,3,2,0,0,1,0,0,0,0,0,0,0,0,0,0,0,0,0,0,0,69,0,0,0,0,0,0,0,0,0,0,0,0,0,0,0,0,0
"C41",0,0,0,0,0,0,0,0,0,0,0,0,0,0,0,0,0,0,0,3,0,0,0,0,0,0,0,51,1,612,0,0,0,0,0,1,127,0,0,0,0,1,0,0,0,0,0,0,0,0,0,0,0,0,0,0,0,0,0,22,0,0,8,0,15,0,0,1,0,0,0,1,0,0,0,0,0,0,0,0,0,0,0,58,0,1,0,0,0,0,0,0,0,41,3,0,0,0,609,0,0,15,0,0,0,3,0,0,3,0,0,0,0,0,0,0,0,0,1,0,0,0,4,866,0,0,0,0,0,0,0,1,0,0,0,0,0,0,0,0,0,0,1,0,2,0,15,0,0,0,27,2,0,9,0,0,0,0,0,0,0,0,0,0,0,0,0,0,0,0,0,1,0,0,0,0,0,0,0,0,0,0,2,0,162,17,0,0,14,0,0,0,0,0,0,0,0,0,0,0,0,0,0,0,10,0,0,0,0,0,0,0,0,0,0,0,1,0,0,0,0,0
"C43",0,0,0,0,0,0,2,0,0,0,1,0,0,0,0,0,0,2,0,0,0,0,0,0,3,0,0,49,1,146,0,0,0,0,1,1,226,0,0,0,1,0,0,0,0,0,0,0,0,0,0,0,0,0,0,0,1,1,0,151,1,4,130,0,5,0,6,89,0,0,0,2,0,0,0,0,0,0,0,47,0,0,0,100,0,2,0,0,1,0,0,0,0,0,80,0,0,0,525,0,0,4,0,0,0,0,0,0,1,0,0,0,0,1,0,0,0,0,1,0,0,0,0,432,0,0,3,0,0,0,0,0,0,0,0,0,0,0,0,0,0,0,0,0,1,0,13,0,0,0,6,0,0,0,6,0,0,0,0,2,0,38,0,0,0,0,0,13,4,47,0,0,0,0,0,0,0,0,0,0,0,0,104,0,337,45,0,0,0,0,0,0,0,0,0,0,0,0,0,0,0,0,0,0,14,0,0,0,0,0,0,0,0,0,0,0,5,0,1,0,0,3
"C45",0,0,0,0,9,0,2,0,0,0,0,0,0,0,0,0,0,0,0,0,0,0,0,0,0,0,0,3,0,4,0,0,0,0,36,0,430,0,0,0,0,0,0,0,0,0,0,0,0,0,0,0,0,0,0,0,0,7,0,1,0,2,40,0,0,0,0,29,0,0,0,0,0,0,0,0,0,0,0,0,0,0,1,181,0,0,0,0,0,0,0,0,0,33,2,0,0,1,565,0,0,1,0,0,0,0,1,0,13,0,15,0,0,9,1,0,0,0,0,0,0,0,0,419,0,0,10,0,0,0,0,0,0,0,0,0,0,0,0,0,0,0,0,0,0,0,1,0,0,0,0,0,0,1,0,0,0,0,0,10,0,58,0,0,0,0,1,0,1,0,0,0,0,0,0,0,0,0,0,0,0,0,3,0,234,0,0,0,0,0,0,0,0,10,0,0,0,0,0,0,0,0,1,0,21,0,0,0,0,0,0,0,0,0,0,0,8,0,0,0,0,0
"C47",0,0,0,0,0,0,0,0,0,0,21,0,0,0,0,0,0,0,0,0,0,0,0,0,0,0,0,34,0,37,0,0,1,0,0,0,149,0,0,0,0,0,0,0,0,0,0,0,0,0,0,0,0,0,0,0,0,0,0,24,0,0,5,0,1,2,0,0,0,0,0,0,0,0,0,0,0,0,0,0,0,0,26,66,0,2,0,0,0,0,0,0,0,15,160,0,0,0,549,0,0,7,0,0,0,12,0,0,0,0,0,0,0,1,0,0,0,0,0,0,0,0,11,358,0,0,0,0,0,0,0,0,0,0,0,0,0,0,0,1,0,0,0,0,0,0,13,0,0,0,16,0,0,0,0,0,0,0,0,0,0,0,0,0,0,0,0,0,38,0,0,0,0,0,0,0,0,0,0,1,0,0,7,0,197,52,0,0,0,0,0,0,0,0,0,0,0,0,0,0,0,0,1,0,3,2,0,0,0,0,0,0,0,0,0,0,0,0,0,0,0,1
"C49",0,0,0,0,0,0,1,0,0,1,30,1,0,0,0,0,1,0,0,0,0,0,0,0,0,0,0,197,0,158,0,4,0,0,243,4,137,0,0,0,0,1,0,0,0,0,0,0,0,0,0,0,0,0,0,0,0,0,0,72,0,0,9,0,19,0,1,71,0,0,0,0,0,0,0,0,0,0,0,0,0,1,0,66,0,1,0,0,1,0,2,0,0,9,10,0,0,0,252,0,0,0,0,0,0,20,0,0,1,0,0,0,0,1,0,0,0,0,1,0,0,0,0,426,0,0,0,0,0,0,0,34,0,0,0,0,0,0,0,0,0,0,0,0,2,0,15,0,0,0,93,0,0,1,0,0,0,0,0,0,1,0,31,0,0,0,0,1,109,0,0,0,0,0,0,0,0,0,0,0,0,0,0,0,64,0,1,0,0,0,0,0,13,0,0,0,0,0,0,0,0,0,0,0,11,4,0,0,0,0,0,0,0,0,0,0,0,0,0,0,0,0
"C51",0,0,0,0,0,0,8,7,0,0,0,0,0,0,2,0,0,0,0,0,0,0,0,0,0,0,0,0,0,513,1,0,0,0,82,0,0,0,0,0,0,0,0,0,0,0,0,0,0,0,0,0,0,0,0,0,0,0,2,2,10,5,3,0,0,0,0,0,0,0,0,0,0,0,0,0,0,0,0,0,0,0,0,0,0,0,0,0,19,1,492,0,0,17,68,0,0,0,5,0,0,0,0,0,0,0,0,0,0,0,0,0,0,0,0,0,0,0,0,0,0,0,1,11,0,9,345,0,0,0,0,0,0,0,0,0,0,0,0,0,0,0,0,0,0,0,1,0,0,0,0,0,0,0,0,0,0,0,0,5,0,0,0,0,0,0,0,0,4,0,0,0,0,0,0,0,0,0,1,0,0,0,0,0,0,0,0,0,0,0,0,0,0,0,0,0,0,0,0,0,0,0,0,0,3,0,0,0,0,0,0,0,0,0,0,0,0,0,0,0,0,2
"C53",0,0,0,0,3,2,1,2,0,0,3,0,0,0,0,0,0,0,0,0,0,0,0,0,0,0,0,77,0,56,0,0,0,0,77,1,222,0,0,0,0,0,0,0,0,0,0,0,0,0,0,0,0,0,2,0,0,10,0,45,1,0,85,0,4,0,0,14,0,0,0,1,0,0,0,0,0,0,0,1,8,0,4,124,0,4,0,0,0,0,6,0,0,32,13,0,0,0,615,0,0,3,0,0,0,0,0,0,2,0,4,0,0,0,0,0,0,0,0,2,0,0,0,430,0,0,27,0,0,0,0,0,0,0,0,0,0,0,0,0,0,0,0,0,0,0,7,0,0,0,4,0,0,0,42,0,0,0,0,0,0,3,11,0,0,0,0,1,2,0,0,0,0,0,0,0,0,0,0,0,0,0,121,0,94,52,0,0,0,1,0,0,0,0,0,0,0,0,0,0,0,0,0,0,38,0,0,0,0,0,0,0,0,0,0,0,3,0,1,0,0,0
"C55",0,0,0,0,0,0,0,0,0,0,0,0,0,14,0,0,0,1,0,0,0,0,0,0,0,0,0,2,0,654,0,0,0,0,3,5,238,0,1,0,0,0,0,0,0,0,0,0,0,0,0,0,0,0,0,0,0,0,0,28,0,0,1,0,0,0,23,2,0,0,0,0,0,0,0,0,0,0,0,0,0,0,1,36,0,0,0,0,1,0,0,0,0,3,24,2,0,0,2,0,0,7,0,0,0,30,0,0,59,0,1,0,0,0,0,0,0,0,9,0,0,0,0,480,0,1,1,0,0,0,0,0,0,0,0,0,0,0,1,0,0,0,0,0,5,0,0,0,0,0,118,0,0,31,0,0,0,0,0,0,0,53,0,0,0,0,1,3,2,0,0,0,0,0,0,0,0,0,0,0,0,0,1,0,3,0,0,0,0,0,0,0,0,0,0,0,0,0,0,0,0,0,0,0,92,0,0,0,0,0,0,0,0,0,0,0,0,0,6,0,0,0
"C57",0,0,0,0,0,1,0,0,0,0,37,1,0,0,0,0,0,1,0,0,0,0,0,0,0,0,0,52,4,116,0,0,1,0,20,2,228,0,0,3,0,5,0,0,0,0,0,0,0,0,0,0,0,0,0,0,0,0,0,41,2,0,3,0,4,0,0,15,0,0,0,2,0,0,0,0,0,0,0,0,0,0,98,65,0,0,0,0,0,0,0,0,0,19,13,0,1,0,630,0,0,7,0,0,0,13,0,0,12,0,0,0,0,7,0,0,0,0,1,2,0,0,15,374,0,0,0,0,0,2,0,7,0,0,0,0,0,0,0,0,0,0,0,0,1,0,13,0,0,0,27,2,0,0,11,0,0,0,0,0,0,61,0,0,0,0,0,26,199,0,0,0,0,0,0,0,0,0,0,1,0,0,4,0,92,58,0,0,0,0,0,0,0,0,0,0,0,0,0,0,0,0,0,0,11,16,0,0,0,0,0,0,0,0,0,0,0,0,0,0,0,0
"C59",0,0,0,0,0,0,0,0,0,0,2,0,0,0,0,0,0,0,0,0,0,0,0,0,0,0,0,6,3,60,1,0,0,0,20,6,313,0,0,4,0,0,0,0,0,0,0,0,0,0,0,0,0,0,0,0,0,0,0,30,0,0,0,1,3,0,0,43,0,0,0,0,0,0,0,0,0,0,0,0,0,0,0,55,0,2,0,0,10,0,0,0,0,13,0,0,0,0,386,0,0,40,0,0,0,0,0,0,0,0,0,0,0,0,0,0,0,0,0,0,0,0,2,599,0,0,0,0,0,0,0,0,0,0,0,0,0,0,0,0,0,0,0,0,0,0,1,0,0,0,23,0,0,0,0,0,0,0,0,0,0,0,0,0,0,0,0,0,897,0,0,0,0,0,0,0,0,0,0,0,0,0,76,0,21,0,0,0,53,0,0,0,0,0,0,0,0,0,0,0,0,0,0,0,34,1,0,0,0,0,0,0,0,0,0,0,0,0,0,0,0,0
"C61",0,0,0,0,0,0,0,0,0,0,15,4,0,0,0,0,0,0,0,0,0,0,0,0,0,0,0,46,2,95,0,0,0,0,37,7,127,0,0,0,0,0,0,0,0,0,0,0,0,0,0,0,0,0,0,0,0,28,0,74,1,0,303,0,4,0,2,19,0,0,0,4,0,0,12,0,0,0,0,0,0,0,0,162,0,2,0,0,4,0,0,0,0,21,7,0,0,0,482,0,0,46,0,0,0,1,1,0,8,0,0,0,0,0,0,0,0,0,1,0,0,0,28,592,0,1,47,0,0,0,0,0,13,0,0,0,0,0,0,0,0,0,0,0,0,0,6,0,0,0,20,10,0,5,0,0,0,0,0,0,4,3,11,0,0,0,1,0,0,5,0,0,0,0,0,1,0,0,0,0,0,0,3,0,165,22,0,0,0,0,0,0,0,0,0,0,0,0,0,0,0,0,1,2,8,0,0,0,0,0,0,0,0,0,0,0,23,0,0,0,0,0
"C63",0,0,0,0,0,0,0,0,0,0,3,0,0,0,0,0,0,0,0,0,0,0,0,0,0,0,0,0,0,763,2,0,0,0,9,0,21,0,0,0,0,0,0,0,0,0,0,0,0,0,0,0,0,0,0,0,0,0,0,1,0,0,0,0,9,0,0,0,0,0,0,0,0,0,0,0,0,0,0,0,0,0,0,3,0,0,0,0,0,0,244,0,0,2,167,0,0,0,0,0,0,0,0,0,0,4,0,0,0,0,0,0,0,0,0,0,0,0,0,0,0,0,23,29,0,0,0,0,0,0,0,0,0,0,0,0,0,0,0,0,0,0,0,0,0,0,0,0,0,0,352,0,0,3,0,0,0,0,0,0,0,8,0,0,0,0,0,0,0,0,0,0,0,0,0,0,0,0,0,0,0,0,0,0,0,0,0,0,0,0,0,0,0,0,0,0,0,0,0,0,0,0,0,0,1,0,0,0,0,0,0,0,0,0,0,0,0,0,0,0,0,0
"C65",0,0,0,5,0,0,0,0,0,1,7,3,0,0,0,0,0,0,0,0,0,0,0,0,0,0,0,8,2,227,0,0,0,0,94,3,201,0,0,1,0,0,1,0,0,0,0,0,0,0,0,0,0,0,0,0,0,0,0,38,6,0,4,0,26,0,1,52,0,0,0,3,0,0,0,0,0,0,0,0,0,0,0,117,0,1,0,0,1,0,0,0,0,41,7,0,0,0,321,0,0,0,0,0,0,3,0,0,0,0,0,0,1,0,0,0,0,0,0,0,0,0,0,419,0,1,0,4,0,0,0,0,8,0,0,0,0,0,0,0,0,0,0,0,0,0,5,0,0,0,10,0,0,0,0,0,0,0,0,0,0,12,21,0,0,0,0,0,240,0,0,0,0,0,0,0,0,0,0,0,0,0,115,0,22,0,0,0,0,0,0,0,0,0,0,0,0,0,0,0,0,0,0,0,46,29,0,0,0,0,0,0,0,0,0,0,0,0,0,0,0,0
"C67",0,0,0,0,0,0,4,0,0,0,29,0,0,0,0,0,0,0,0,0,0,0,0,0,0,0,0,5,0,209,0,0,0,0,35,6,87,0,0,0,0,23,0,0,0,0,0,0,0,0,0,0,0,0,45,0,0,1,0,50,0,0,20,0,0,1,1,35,0,0,0,0,0,0,1,0,0,0,0,22,0,1,2,33,0,3,0,0,12,0,11,0,0,2,166,0,0,0,124,0,0,5,0,0,0,1,0,0,3,0,14,0,0,2,0,0,0,0,1,0,0,0,14,130,0,0,1,0,0,0,0,363,0,0,0,0,0,0,0,0,0,0,0,0,0,0,9,0,0,0,29,0,0,0,1,0,0,0,0,1,0,6,48,0,0,0,0,4,71,0,0,0,1,0,0,0,0,0,0,0,0,0,10,0,28,2,0,0,0,0,0,0,0,3,0,0,0,0,0,0,0,0,0,0,1,13,0,0,0,0,0,0,0,0,0,0,0,0,0,8,0,2
"C69",0,0,0,2,1,0,0,0,0,0,1,13,0,0,0,0,0,0,0,0,0,0,0,0,0,0,0,1,1,388,0,0,1,0,9,7,330,0,0,1,0,0,0,0,0,0,0,0,0,0,0,0,0,0,0,0,0,0,0,19,0,0,2,0,37,14,4,33,0,0,1,0,0,0,0,0,0,0,0,0,0,0,0,6,0,0,0,0,0,0,0,0,0,4,76,0,0,0,7,0,0,2,0,0,0,22,27,0,61,0,0,0,0,0,0,0,0,0,0,0,0,0,1,433,0,0,1,1,0,0,0,0,55,0,0,0,0,0,0,0,0,0,0,0,0,0,0,0,0,0,100,0,0,0,0,0,0,0,0,0,0,0,65,0,0,0,0,0,0,0,0,0,0,0,0,0,0,0,0,0,0,0,24,0,2,0,1,0,2,0,0,0,0,0,0,0,0,0,0,0,0,0,0,0,81,2,0,0,0,0,0,0,0,0,0,0,0,0,0,0,0,0
"C71",0,0,0,0,0,0,1,0,0,20,234,0,0,0,0,0,0,0,0,0,0,0,0,0,0,0,0,13,0,129,0,0,0,1,212,0,122,0,0,0,0,0,0,0,0,0,0,0,0,0,0,0,0,0,0,0,1,0,0,17,0,0,14,0,17,1,26,3,0,0,0,0,0,0,0,0,0,0,0,0,0,0,0,62,0,1,0,0,0,0,1,0,0,0,17,0,0,0,83,0,0,288,0,0,0,9,0,0,2,0,0,0,0,0,0,0,0,0,2,0,0,0,0,164,0,0,0,0,0,0,0,0,0,0,0,0,0,0,0,0,0,0,0,0,16,0,6,0,0,0,21,5,0,8,0,0,0,0,0,0,0,1,89,0,0,0,0,0,1,0,0,0,0,0,1,0,0,0,0,0,0,0,3,0,37,0,0,0,0,0,0,0,0,1,0,0,0,0,0,0,0,0,0,0,0,0,0,0,0,0,0,0,0,0,0,0,3,0,0,0,0,0
"C73",0,0,0,0,0,4,0,1,0,0,3,0,0,0,0,0,0,0,0,0,0,1,0,0,0,0,0,11,44,723,1,0,0,0,2,0,422,0,0,0,0,0,0,0,0,0,0,0,0,0,0,0,0,0,0,0,0,0,0,12,0,42,36,0,188,0,8,0,0,0,0,0,0,0,0,0,0,0,0,0,0,0,0,25,0,3,0,0,0,0,2,0,0,3,35,0,0,0,345,0,0,15,0,0,0,6,0,0,13,0,0,0,0,0,2,0,0,0,0,0,0,0,0,458,0,0,0,0,0,0,0,0,0,0,0,0,0,0,0,0,0,0,0,0,0,0,2,0,0,0,1,0,0,0,6,0,0,0,0,0,0,1,0,0,0,0,0,0,0,0,0,0,0,0,0,0,0,0,0,0,0,0,1,1,6,0,0,0,0,0,0,0,0,0,0,0,0,0,0,0,0,0,0,1,10,0,0,0,0,0,0,0,0,0,0,0,0,0,10,0,0,1
"C75",0,0,0,14,0,0,0,0,0,0,0,16,0,0,0,0,0,0,0,0,0,0,0,0,0,0,0,0,0,1079,0,0,0,0,1,6,93,0,0,0,0,0,0,0,0,0,0,0,0,0,0,0,0,0,0,0,0,0,0,2,0,0,3,0,18,1,9,12,0,0,0,0,0,0,0,0,0,0,0,0,0,0,1,28,0,12,0,0,1,0,0,0,0,0,2,0,0,0,0,0,0,6,0,0,0,43,0,0,57,0,0,0,0,2,0,0,0,0,0,0,0,0,0,717,0,0,0,0,0,0,0,186,6,0,0,0,0,0,0,0,0,0,0,0,0,0,2,0,0,0,121,0,0,0,0,0,0,0,0,0,0,71,30,0,0,0,2,4,2,0,0,0,0,0,0,0,0,0,0,0,0,0,2,0,3,0,0,0,0,0,0,0,0,0,0,0,0,0,0,0,0,0,0,0,1,16,0,0,0,0,0,0,0,0,0,0,0,0,0,0,0,0
"C77",0,0,0,0,0,0,2,0,0,0,0,0,0,0,0,0,0,0,0,0,0,0,0,0,0,0,0,3,0,174,0,0,0,0,0,0,452,1,0,0,0,0,0,0,0,0,0,0,0,0,0,0,0,0,0,0,0,2,0,40,0,0,53,0,11,0,207,0,0,0,0,0,0,0,0,0,0,0,0,0,0,0,0,19,0,16,0,0,0,0,2,0,0,2,36,1,0,0,4,0,0,111,0,0,3,11,0,0,16,1,1,1,0,0,0,0,0,0,0,0,0,0,4,1128,0,0,0,1,0,0,0,0,0,0,0,0,0,0,0,0,0,0,0,0,0,0,13,0,0,0,14,0,0,0,0,0,1,0,0,0,0,0,3,0,0,0,0,0,0,0,0,0,0,0,0,0,0,0,0,0,0,0,0,0,25,0,0,0,0,0,0,0,0,0,0,0,0,0,0,0,0,0,0,0,6,0,0,0,0,2,0,0,0,0,0,0,4,0,0,0,0,1
"C79",0,0,0,0,0,0,0,0,0,0,0,0,0,6,0,0,0,0,0,0,0,0,0,0,2,0,0,72,2,361,3,0,0,0,7,0,84,0,0,2,0,0,0,0,0,0,0,0,2,0,0,0,0,0,0,0,1,3,0,62,0,0,57,0,0,0,1,6,0,0,0,0,0,0,0,0,0,0,0,0,0,0,14,2,0,0,0,0,7,0,4,0,0,34,67,0,0,0,645,0,0,3,0,0,0,8,0,1,16,0,0,0,0,0,1,1,0,0,3,1,0,0,13,482,0,1,0,0,0,7,0,0,0,0,0,0,0,0,0,0,0,0,1,0,0,0,2,0,0,0,33,0,0,0,5,0,0,0,1,0,0,13,7,0,0,0,1,9,24,2,0,4,0,0,0,0,0,0,0,12,0,0,37,0,234,0,0,0,0,11,0,0,3,2,0,0,0,0,0,0,0,0,0,0,21,0,0,0,0,0,0,0,0,0,3,0,10,0,4,2,0,0
"C81",0,0,0,0,0,0,0,0,0,0,37,0,0,0,0,0,0,0,0,0,0,0,0,0,0,0,0,14,0,244,0,0,0,0,146,1,136,0,0,0,0,0,0,0,0,0,0,0,0,0,0,0,0,0,0,0,0,6,0,110,6,0,123,0,22,0,1,28,0,0,0,0,0,0,0,0,0,0,0,0,5,0,0,48,0,0,0,0,3,0,1,0,0,31,10,3,0,0,754,0,0,6,0,0,0,33,0,0,0,1,0,0,0,0,1,0,0,0,2,0,0,0,71,252,0,0,25,0,0,0,0,0,0,0,0,0,0,0,0,0,0,0,0,0,1,0,19,0,0,0,15,0,0,0,0,0,0,0,0,0,1,0,8,0,0,0,0,0,0,0,0,0,0,0,0,0,0,0,0,0,0,0,78,0,192,25,0,0,0,0,0,0,0,0,0,0,0,0,0,0,0,0,0,0,50,0,0,1,0,0,0,0,0,0,0,0,0,0,0,0,0,0
"C83",0,0,0,0,0,0,0,2,1,0,0,0,0,2,0,4,0,0,0,0,0,22,0,0,0,0,0,21,1,4,4,0,0,0,153,0,1,0,0,0,0,0,0,0,7,1,1,9,1,0,0,0,3,0,0,0,0,0,0,26,0,16,21,0,573,0,7,1,6,0,0,0,0,2,1,0,4,0,0,0,0,0,1,11,0,0,0,0,5,0,251,0,0,0,121,2,0,0,3,1,0,2,3,1,13,16,0,5,20,0,0,0,0,0,0,0,0,1,0,0,0,1,18,922,1,0,37,1,1,8,9,0,0,0,0,1,1,0,0,0,0,0,1,3,0,0,0,0,1,2,3,0,0,0,0,0,0,2,0,0,1,4,0,2,0,3,10,13,50,2,0,12,0,0,0,0,0,0,0,21,0,1,5,0,2,0,0,0,0,11,0,0,0,0,1,0,0,0,0,0,1,0,0,1,40,0,0,0,0,0,0,0,0,0,5,6,0,0,25,1,0,0
"C85",0,0,0,0,0,0,1,0,0,274,26,0,0,0,0,0,0,0,0,14,0,0,0,0,0,1,0,63,0,172,0,0,0,0,5,1,703,0,0,0,1,0,0,0,0,0,0,0,0,0,0,0,0,0,0,0,0,1,0,237,0,0,72,2,1,0,77,0,0,0,0,0,0,0,0,0,0,0,0,0,0,0,0,0,0,34,0,0,0,0,0,0,0,0,0,0,0,0,7,0,3,4,0,0,0,26,0,0,178,0,0,0,0,0,0,0,0,0,0,0,0,0,0,415,0,0,1,0,0,0,0,0,0,0,0,0,0,0,0,0,0,0,0,0,0,0,0,0,0,0,0,0,0,0,0,0,0,0,0,8,0,0,27,0,0,0,0,0,0,0,0,0,0,0,0,0,0,0,0,64,0,0,3,0,282,0,0,0,0,0,0,0,0,0,0,0,0,0,0,0,0,0,0,0,88,0,0,0,0,0,0,0,0,0,0,0,0,0,0,0,0,1
"C87",0,0,0,0,0,0,0,0,0,0,56,0,0,0,0,0,0,0,0,8,0,0,0,0,0,0,0,36,7,478,0,0,0,0,0,3,54,0,0,0,0,2,0,0,0,0,0,0,0,0,0,0,0,0,1,0,0,0,0,21,15,0,0,0,5,0,23,19,0,0,0,0,0,0,0,0,0,0,0,0,41,3,0,2,0,0,0,0,1,0,42,0,0,2,20,3,0,0,0,0,0,31,0,0,0,8,0,0,0,0,0,0,0,0,0,0,0,0,0,0,0,0,13,328,0,0,0,0,0,0,0,0,0,0,0,0,0,0,0,0,0,0,0,0,9,0,29,0,0,0,242,0,0,0,0,0,0,0,0,0,0,0,40,0,0,0,2,0,459,93,0,0,0,0,25,0,0,0,0,0,0,0,1,0,11,23,0,0,0,0,0,0,5,0,0,0,0,0,0,0,0,0,0,0,3,0,0,8,0,0,0,0,0,0,0,0,1,0,0,0,0,0
"C89",0,0,0,4,10,0,0,0,0,0,31,0,0,0,0,0,0,0,0,1,0,0,0,0,0,0,0,119,25,374,2,0,0,0,24,3,244,0,0,0,0,0,0,0,0,0,0,0,0,0,0,0,0,0,0,0,5,0,0,101,0,0,1,0,0,0,3,28,0,0,0,0,0,0,0,0,0,0,0,0,0,0,0,34,0,0,0,0,28,1,266,0,0,0,152,0,0,0,34,0,0,56,0,0,0,6,0,0,0,0,0,0,0,1,1,0,0,0,0,0,0,0,0,568,0,0,0,0,0,0,0,43,0,0,0,0,0,0,0,0,0,0,0,0,0,0,2,0,0,0,17,0,0,23,0,0,0,0,0,0,0,0,7,0,0,0,1,0,0,0,0,0,0,0,1,0,0,0,0,0,0,0,2,0,106,12,0,0,0,0,0,0,0,0,0,0,0,0,0,0,0,0,0,0,9,0,0,0,0,0,0,0,0,0,0,0,0,0,0,1,0,0
"C93",0,0,0,0,0,0,1,0,0,0,19,5,0,0,0,0,0,0,0,0,0,0,0,0,0,0,0,82,1,92,0,0,0,0,3,0,178,0,0,0,0,0,0,0,0,0,0,0,0,0,0,0,0,0,0,0,6,0,0,99,1,0,0,0,2,0,0,3,0,1,0,0,1,0,0,0,0,0,0,1,0,0,0,145,0,0,0,0,48,0,18,0,0,22,4,0,0,0,224,0,0,26,0,0,0,1,0,0,3,0,0,0,0,0,2,0,0,0,2,3,0,0,91,562,0,0,3,0,0,0,0,0,1,0,0,0,0,0,0,0,0,0,0,0,0,0,15,0,0,0,33,6,0,0,1,0,0,0,0,0,0,1,60,0,0,0,0,0,23,0,0,0,0,0,0,0,0,0,0,0,0,0,1,0,281,3,0,0,0,0,0,0,6,0,0,0,0,0,0,0,0,0,0,0,6,6,0,0,0,0,0,0,0,0,0,0,0,0,13,0,0,0
"H01",0,0,0,0,0,0,0,0,0,0,6,0,0,0,0,0,0,0,0,0,0,0,0,0,0,0,0,33,1,560,0,0,0,1,131,1,132,0,0,0,0,3,0,0,0,0,0,0,0,0,0,0,0,0,0,0,0,0,0,46,0,0,49,0,23,0,0,103,0,0,0,0,0,0,0,0,0,0,0,0,0,0,30,83,0,0,0,0,2,0,0,0,0,34,2,0,0,0,472,0,0,0,0,0,0,7,0,0,0,0,0,0,0,0,1,0,0,0,0,0,1,0,0,511,0,0,0,0,0,0,0,0,0,0,0,0,0,0,0,0,0,0,0,0,0,0,5,0,0,0,30,0,0,102,0,0,0,0,0,0,0,0,0,0,0,0,1,0,0,0,0,0,0,0,0,0,0,0,0,0,0,0,1,0,209,93,0,0,0,0,0,0,0,0,0,0,0,0,0,0,0,0,0,0,1,0,0,0,0,0,0,0,0,0,0,0,0,0,0,0,0,0
"H02",0,0,0,0,0,0,1,0,0,5,153,0,0,0,0,0,0,0,0,0,0,0,0,0,0,0,0,76,46,279,0,1,0,0,12,1,117,0,0,0,0,4,0,0,0,0,0,0,0,0,0,0,0,0,0,0,0,5,0,46,0,0,29,0,20,0,1,15,0,0,3,1,0,0,0,0,0,0,0,1,0,0,0,34,0,0,0,0,0,0,0,0,0,5,0,0,0,0,721,0,0,5,0,0,0,0,0,0,0,0,0,0,0,0,0,0,0,0,0,0,0,0,0,630,0,0,0,0,0,0,0,18,0,0,0,0,0,0,0,0,0,0,0,0,14,0,33,0,0,0,13,0,0,0,0,0,0,0,0,0,0,0,22,0,0,0,1,0,84,0,0,0,0,0,0,0,0,0,0,0,0,0,1,0,188,0,0,0,0,0,0,0,0,0,1,0,0,0,0,0,0,0,0,0,64,6,0,0,0,0,0,0,0,0,0,0,0,0,3,0,0,0
"H03",0,0,0,0,0,0,0,0,0,0,119,0,0,0,0,0,0,0,0,0,0,0,0,0,0,0,0,141,0,97,0,0,0,0,11,0,100,0,0,0,0,9,0,0,0,0,0,0,0,0,0,0,0,0,0,0,0,0,0,29,0,0,6,0,14,0,0,22,0,0,0,0,0,0,0,0,0,0,0,0,3,0,18,23,0,0,0,0,0,0,0,0,0,0,2,0,0,0,396,0,0,3,0,0,0,2,0,0,0,0,0,0,0,0,0,0,0,0,1,0,0,0,0,286,0,0,0,1,0,0,0,11,0,0,0,0,0,110,0,0,0,0,0,0,1,0,9,0,0,0,12,0,0,0,0,0,0,0,0,0,0,0,6,0,0,0,0,1,927,6,0,0,0,0,0,0,0,0,0,0,0,0,6,0,234,2,0,0,0,0,0,0,0,0,0,0,0,0,0,0,0,0,0,0,1,2,0,0,0,0,0,0,0,0,0,0,0,0,0,0,0,0
"H04",0,0,0,0,0,0,0,0,0,0,3,0,0,0,0,0,0,0,0,0,0,0,0,0,0,0,0,15,1,1223,0,0,0,0,19,0,144,0,0,0,0,0,0,0,0,0,0,0,0,0,0,0,0,0,0,0,0,0,0,13,0,0,2,0,166,0,10,0,0,0,0,1,0,0,0,0,0,0,0,0,0,0,0,89,0,0,0,0,0,0,0,0,0,162,42,1,0,0,250,0,0,39,0,0,0,15,0,0,0,0,0,0,0,0,0,0,0,0,11,1,0,0,4,222,0,0,0,0,0,0,0,0,0,0,0,0,0,0,0,0,0,0,0,1,0,0,13,0,0,0,12,0,0,0,0,0,0,0,0,0,0,0,0,0,0,0,1,0,62,38,0,0,0,0,0,3,0,0,0,0,0,0,0,0,56,0,0,0,0,0,0,0,0,0,0,0,0,0,0,0,0,0,0,0,13,0,0,0,0,0,0,0,0,0,0,0,0,0,0,0,0,0
"H05",0,0,0,0,0,0,0,0,0,0,2,8,0,0,0,0,0,0,0,0,0,0,0,0,0,0,0,6,1,217,1,0,0,0,8,0,115,0,0,0,0,0,0,0,0,0,0,0,0,0,0,0,0,0,0,0,0,1,0,21,0,0,38,0,98,0,1,51,0,0,0,0,0,0,0,0,0,0,0,5,0,0,0,82,0,0,0,0,0,0,0,0,0,51,0,0,0,0,114,0,0,7,0,0,0,1,1,0,176,0,0,0,0,0,5,0,0,0,0,0,0,0,2,799,0,0,1,0,0,0,0,274,5,0,0,0,0,0,0,0,0,0,0,0,0,0,2,0,0,0,2,3,0,0,0,0,0,0,0,0,0,0,0,0,0,0,0,0,582,2,0,0,0,0,0,0,0,0,0,0,0,0,45,0,19,14,0,0,27,0,0,0,0,0,0,0,0,0,0,0,0,0,0,0,3,26,0,0,0,0,0,0,0,0,0,0,1,0,0,6,0,0
"H06",0,0,0,0,0,0,0,0,0,0,0,0,0,0,0,0,0,0,0,0,0,0,0,0,0,0,0,0,0,32,0,0,0,0,4,2,487,0,0,0,0,0,0,0,0,0,1,0,0,0,0,0,0,0,0,0,0,0,0,3,0,0,22,0,36,1,15,9,0,0,0,0,0,0,0,0,0,0,0,0,0,0,0,80,0,2,0,0,1,0,0,0,0,1,11,0,0,0,0,0,0,11,0,0,0,2,11,0,676,0,0,0,0,0,0,0,0,0,4,0,0,0,0,400,0,0,0,0,0,0,0,0,0,0,0,0,0,0,0,0,0,0,0,0,0,0,0,0,0,0,15,0,0,2,0,0,0,0,0,0,0,0,0,0,0,0,4,0,0,1,1,0,0,0,0,0,0,0,0,0,0,0,1,0,6,0,0,0,0,0,0,0,0,0,0,0,0,0,0,0,0,0,0,0,5,0,0,0,0,0,0,0,0,0,0,0,0,0,1,0,0,0
"H07",0,0,0,0,0,0,1,0,0,0,99,0,0,0,0,0,0,0,0,0,0,0,0,0,0,0,0,84,0,433,0,2,1,0,2,2,86,0,0,9,0,2,0,0,0,0,0,0,0,0,0,0,0,0,0,0,0,2,0,63,0,0,9,0,0,0,1,6,0,0,0,3,0,0,3,0,0,0,0,0,0,0,0,28,0,0,0,0,0,0,0,0,0,14,0,0,0,0,285,0,0,0,0,0,0,0,0,0,0,0,0,0,0,0,0,0,0,0,1,0,0,0,0,449,0,0,0,0,0,0,0,0,0,0,0,0,0,0,0,0,0,0,0,0,2,0,9,0,0,0,29,0,0,3,0,0,0,0,0,0,0,0,14,0,0,0,0,0,0,0,0,0,0,0,0,0,0,0,0,0,0,0,17,0,267,0,0,0,0,0,0,0,0,0,0,0,0,0,0,0,0,0,0,0,21,0,0,0,0,0,0,0,0,0,0,0,0,0,0,0,0,0
"H08",0,0,0,0,0,0,1,0,0,0,0,0,0,0,0,0,0,0,0,0,0,0,0,0,0,0,0,7,0,519,0,0,0,0,0,0,131,0,0,0,0,0,0,0,0,0,0,0,0,0,0,0,0,0,0,0,0,3,0,1,0,5,0,1,13,0,21,1,0,0,0,0,0,0,0,0,0,0,0,0,0,0,0,4,0,0,0,0,0,0,0,0,0,1,41,0,0,0,0,0,0,0,0,0,0,0,2,0,564,0,0,0,0,0,0,0,0,0,0,0,0,0,0,517,1,0,0,0,0,0,0,0,0,0,0,0,0,0,0,0,0,0,0,0,0,0,0,0,0,0,2,0,0,0,0,0,0,0,0,0,0,0,0,0,0,0,1,0,0,0,0,0,0,0,0,0,0,0,0,0,0,0,0,0,1,0,0,0,0,0,0,0,0,0,0,0,0,0,0,0,0,0,0,0,4,0,0,0,0,0,0,0,0,0,0,0,0,0,0,0,0,0
"H09",0,0,0,0,0,0,0,0,0,0,30,0,0,0,0,0,0,0,0,0,0,0,0,0,0,0,0,21,0,69,0,1,0,0,1,1,56,0,0,0,0,3,0,0,0,0,0,0,0,0,0,0,0,0,0,0,0,4,0,23,0,0,4,0,0,0,0,0,0,0,0,1,0,0,0,0,0,0,0,0,0,0,44,40,0,0,0,0,0,0,0,0,0,11,0,0,0,0,181,0,0,2,0,0,0,0,0,0,0,0,0,0,0,0,0,0,0,0,0,0,0,0,0,215,0,0,0,0,0,0,0,0,0,0,0,0,0,0,0,0,0,0,0,0,8,0,11,0,0,0,21,7,0,4,0,0,0,0,0,0,0,0,17,0,0,0,1,0,38,0,0,0,0,0,0,0,0,1,0,0,0,0,47,0,215,9,0,0,0,0,0,0,0,0,0,0,0,0,0,0,0,0,1,0,0,0,0,0,0,0,0,0,0,0,0,0,0,0,0,0,0,2
"H10",0,0,0,5,0,0,0,0,0,0,1,4,0,0,0,0,0,0,0,0,0,0,0,0,0,0,0,32,13,6,0,0,0,0,2,0,24,0,0,0,0,0,0,0,0,0,0,0,0,14,0,0,0,0,0,0,2,0,0,8,0,0,4,0,3,0,0,11,0,0,0,4,0,0,0,0,0,0,0,0,0,0,123,22,0,0,0,0,0,0,0,0,0,5,0,0,0,0,222,0,0,15,0,0,0,0,0,0,1,0,0,0,0,0,1,0,0,0,0,0,0,0,0,211,0,0,0,0,0,0,0,0,0,0,0,0,0,235,0,0,0,0,0,0,0,0,3,0,0,0,4,0,0,0,0,0,0,0,0,0,0,0,0,0,0,0,0,0,786,60,0,0,0,0,0,0,0,0,0,0,0,0,47,0,49,9,0,0,0,0,0,0,1,0,0,0,0,0,0,0,0,0,0,0,3,2,0,0,0,0,0,0,0,0,0,0,0,0,0,0,0,0
"H11",0,0,0,0,0,0,1,0,0,0,73,0,0,0,0,0,0,0,0,0,0,0,0,0,0,0,0,112,1,429,0,0,0,0,34,0,184,0,0,0,0,8,0,0,0,0,0,0,0,0,0,0,0,0,0,0,0,0,0,86,7,0,18,0,1,2,1,0,0,0,0,3,0,0,0,0,0,0,0,0,0,0,0,22,0,0,0,0,0,0,4,0,0,11,0,0,0,0,406,0,0,1,0,0,0,2,0,0,1,0,0,0,0,0,0,0,1,0,1,0,0,0,3,350,0,1,0,0,0,0,0,0,0,0,0,0,0,0,0,0,0,0,0,0,5,0,10,0,0,0,15,0,0,1,0,0,0,0,0,0,0,0,33,0,0,0,0,0,2,0,0,0,0,0,0,0,0,0,0,0,0,0,187,0,87,63,0,0,0,0,0,0,0,0,0,0,0,0,0,0,0,0,0,0,1,1,0,0,0,0,0,0,0,0,0,0,0,0,0,0,0,0
"H12",0,0,0,0,0,0,0,0,0,0,1,0,0,0,0,0,0,0,0,0,0,0,0,0,0,0,0,22,0,671,0,0,3,0,0,2,114,0,0,0,0,0,0,0,0,0,0,0,0,0,0,0,0,0,0,0,0,1,0,13,0,0,34,0,1,0,0,0,0,0,0,0,0,0,0,0,0,0,0,0,0,0,0,54,0,2,0,0,0,0,1,0,0,26,1,0,0,0,316,0,0,1,0,0,0,6,0,0,0,0,0,0,0,0,0,0,0,0,0,0,0,0,6,385,0,0,0,0,0,0,0,0,0,0,0,0,0,0,0,0,0,0,0,0,0,0,0,0,0,0,13,0,0,19,0,0,0,0,0,0,0,0,8,0,0,0,0,0,0,1,0,0,0,0,0,0,0,0,0,0,0,0,119,0,9,61,0,0,0,0,0,0,0,0,0,0,0,0,0,0,0,0,0,0,6,0,0,0,0,0,0,0,0,0,0,0,0,0,0,0,0,0
"H13",0,0,0,0,0,1,0,0,0,0,66,0,0,0,0,0,0,0,0,0,0,0,0,0,0,0,0,53,1,191,0,2,8,0,0,2,163,0,0,0,0,2,0,0,0,0,0,0,0,0,0,0,0,0,0,0,3,1,0,47,1,0,10,0,7,0,0,12,0,0,0,0,0,0,0,0,0,0,0,0,0,0,0,56,0,1,0,0,0,0,0,0,0,34,0,0,0,0,337,0,0,32,0,0,0,3,0,0,1,0,0,0,1,0,0,0,0,0,0,0,0,0,0,429,0,0,2,0,0,0,0,0,0,0,0,0,0,0,0,0,0,0,0,0,11,0,6,0,0,0,25,1,0,1,0,0,0,0,0,0,0,0,81,0,0,0,1,0,361,0,0,0,0,0,0,0,0,0,0,0,0,0,26,0,136,12,0,0,0,0,0,0,0,0,0,0,0,0,0,0,0,0,0,0,8,0,0,0,0,0,0,0,0,0,0,0,2,0,0,0,0,0
"H14",0,0,0,0,0,0,1,0,0,0,17,3,0,0,0,0,0,0,0,0,0,0,0,0,0,0,0,34,0,401,0,1,0,0,24,2,91,0,0,11,0,1,0,0,0,0,0,0,0,0,0,0,0,0,0,0,0,0,0,15,0,0,0,0,17,0,0,0,0,0,0,9,0,0,0,0,0,0,0,0,0,0,0,98,0,6,0,0,0,0,0,0,0,32,29,1,0,0,0,0,0,0,0,0,0,27,0,0,1,0,0,0,0,0,0,0,0,0,1,0,0,0,0,305,0,1,6,0,0,0,0,0,0,0,0,0,0,0,0,0,0,0,0,0,1,0,10,0,0,0,14,0,0,0,0,0,0,0,0,0,0,0,12,0,0,0,0,0,1,136,0,0,0,0,0,0,0,0,0,0,0,0,16,0,87,0,0,0,0,0,0,0,0,0,0,0,0,0,0,0,0,0,0,0,1,0,0,1,0,0,0,0,0,0,0,0,0,0,0,0,0,0
"H15",0,0,0,0,0,0,0,0,0,0,1,0,0,0,0,0,0,0,0,0,0,0,0,0,0,0,0,0,0,808,2,0,0,0,0,7,175,0,0,0,0,0,0,0,0,0,0,0,0,0,0,0,0,0,0,0,0,1,0,1,0,0,2,0,2,4,25,0,0,0,0,0,0,0,0,0,0,0,0,0,0,0,0,0,0,3,0,0,0,0,0,0,0,8,94,0,0,0,2,0,0,7,0,0,0,5,0,0,4,0,0,0,0,0,0,0,0,0,0,0,0,0,0,587,0,0,0,0,0,0,0,0,0,0,0,0,0,0,0,0,0,0,0,0,0,0,0,0,0,0,33,0,0,15,0,0,0,0,0,0,0,0,34,0,0,0,0,0,0,0,0,0,0,1,0,0,0,0,0,0,0,0,0,0,0,0,0,0,0,0,0,0,0,0,0,0,0,0,0,0,0,0,0,0,1,0,0,0,0,0,0,0,0,0,0,0,0,0,0,0,0,0
"H16",0,0,0,0,0,1,1,2,0,0,10,0,0,0,0,0,0,0,0,0,0,0,0,0,0,0,0,68,40,39,1,0,0,0,9,0,184,0,0,0,0,0,0,0,0,0,0,0,0,71,1,0,0,0,0,0,0,1,0,36,0,0,12,0,8,0,0,0,0,0,0,3,0,0,0,0,0,0,0,0,0,0,107,45,0,4,0,0,0,0,1,0,0,69,0,0,0,0,181,0,0,8,0,0,0,7,0,0,0,0,0,0,0,0,0,0,0,0,0,4,0,0,4,628,0,0,2,0,0,0,0,0,0,0,1,0,0,0,0,0,0,0,0,0,1,0,17,0,0,0,7,3,0,0,0,0,0,0,0,0,0,0,1,0,0,0,0,0,252,3,0,0,0,0,0,0,0,0,0,0,0,0,1,0,186,1,0,0,0,0,0,0,0,0,0,0,0,0,0,0,0,0,0,0,4,0,0,0,0,0,0,0,0,0,0,0,0,0,0,0,0,0
"H18",0,0,0,0,0,0,0,0,0,0,6,0,0,0,0,0,0,0,0,0,0,0,0,0,0,0,0,15,3,536,0,0,0,0,0,0,46,0,0,0,0,1,0,0,0,0,0,0,0,0,0,0,0,0,0,0,0,0,0,15,0,0,4,0,0,0,0,0,0,0,0,3,0,0,0,0,0,0,0,0,0,0,0,43,0,0,0,0,0,0,0,0,0,47,0,1,0,0,603,0,0,1,0,0,0,1,0,0,0,0,0,0,0,2,8,0,0,0,0,0,0,0,0,357,0,0,0,0,0,0,0,0,0,0,0,0,0,0,0,0,0,0,0,1,0,0,0,0,0,0,19,0,0,38,0,0,0,0,0,0,0,0,2,0,0,0,0,0,0,0,0,0,0,0,0,0,0,0,0,0,0,0,183,0,25,8,0,0,0,0,0,1,0,0,0,0,0,0,0,0,0,0,0,0,20,0,0,0,0,0,0,0,0,0,0,0,1,0,0,0,0,1
"H19",1,0,0,1,0,0,1,1,0,0,0,0,0,0,0,0,0,0,0,3,0,0,0,0,0,0,0,29,0,579,0,0,0,0,14,0,99,0,0,0,0,3,0,0,0,0,0,0,0,0,0,0,0,0,1,0,0,2,0,6,0,0,30,0,4,2,1,13,0,0,0,0,0,0,0,0,0,0,0,0,0,0,0,45,0,1,0,0,0,0,0,0,0,15,0,0,0,0,70,0,0,3,0,0,0,18,1,0,28,0,0,0,0,0,0,0,0,0,0,0,0,0,0,236,0,0,0,0,0,0,0,100,0,0,0,0,0,0,0,0,0,0,0,0,0,0,0,0,0,0,11,15,0,0,0,0,0,0,0,0,1,0,14,0,0,0,0,0,1,0,1,0,0,0,0,0,0,0,0,0,0,0,141,0,10,1,0,0,0,0,0,0,0,0,0,0,0,0,0,0,0,0,0,0,3,2,0,0,0,0,0,0,0,0,0,0,3,0,0,0,2,0
"H20",0,0,0,0,0,0,0,0,0,0,21,0,0,0,0,0,0,0,0,0,0,0,0,0,0,0,0,18,0,314,0,0,0,0,0,1,38,0,0,0,0,3,0,0,0,0,0,0,0,0,0,0,0,0,0,0,0,0,0,29,0,0,9,0,6,0,0,9,0,0,0,2,0,0,0,0,0,0,0,0,0,0,2,13,0,0,0,0,4,0,0,0,0,35,0,0,0,0,759,0,0,0,0,0,0,0,0,0,0,0,3,0,0,0,1,0,0,0,0,0,0,0,12,492,0,0,0,0,0,0,0,0,0,0,0,0,0,0,0,0,0,0,0,0,0,0,3,0,0,0,5,0,0,0,0,0,0,0,0,0,0,0,19,0,0,0,0,1,76,0,0,0,0,0,0,1,0,0,0,0,0,0,242,0,151,22,0,0,0,0,0,0,0,0,0,0,0,0,0,0,0,0,0,0,13,16,0,0,0,0,0,0,0,0,0,0,0,0,3,0,0,0
"H21",0,0,0,0,0,0,0,0,0,7,143,3,0,0,0,0,0,0,0,0,0,0,0,0,1,0,0,63,1,187,0,16,0,0,33,1,60,0,0,0,0,0,0,0,0,0,0,0,0,0,0,0,0,0,0,0,0,0,0,66,0,0,14,0,12,0,0,30,0,0,0,1,0,0,0,0,0,0,0,0,0,0,6,30,0,0,0,0,0,0,0,0,0,4,0,0,0,0,184,0,0,6,0,0,0,0,0,0,0,0,0,0,0,0,0,0,0,0,0,0,0,0,0,496,0,0,0,0,0,0,0,223,5,0,0,0,0,0,0,0,0,0,0,0,8,0,7,0,0,0,6,0,0,0,0,0,0,0,0,0,0,0,23,0,0,0,0,0,409,6,0,0,0,0,0,0,0,0,0,0,0,0,47,0,105,10,0,0,0,0,0,0,0,0,0,0,0,0,0,0,0,0,0,0,0,15,0,0,0,0,0,0,0,0,0,0,1,0,0,0,0,0
"H22",0,0,0,0,0,1,0,1,0,0,21,1,0,0,0,0,0,0,0,0,0,0,0,0,0,0,0,6,5,520,0,0,0,0,0,0,34,0,0,0,0,0,0,0,0,0,0,0,0,2,0,0,0,0,0,0,0,5,0,8,0,0,7,0,3,0,0,2,0,0,0,1,0,0,0,0,0,0,0,0,0,0,0,9,0,0,0,0,0,0,0,0,0,5,8,0,0,0,137,0,0,28,0,0,0,1,4,0,61,0,1,0,0,0,0,0,0,0,1,0,0,0,0,349,0,0,0,0,0,0,0,0,1,0,0,0,0,0,0,0,0,0,0,0,6,0,0,0,0,0,12,0,0,0,0,0,0,0,0,0,0,0,0,0,0,0,0,0,810,7,0,0,0,0,0,0,0,0,0,0,0,0,95,1,64,14,0,0,5,0,0,0,0,0,0,0,0,0,0,0,0,0,0,1,6,13,0,0,0,0,0,0,0,0,0,0,0,0,1,0,0,0
"H23",0,0,0,0,0,0,0,0,0,0,15,0,0,0,0,0,0,0,0,0,0,0,0,0,0,0,0,11,1,144,0,1,0,0,0,2,97,0,0,0,0,2,0,0,0,0,0,0,0,0,0,0,0,0,0,0,0,8,0,32,0,0,3,0,38,0,0,0,0,0,0,1,0,0,0,0,0,0,0,0,0,0,3,21,0,1,0,0,1,0,0,0,0,17,1,0,0,0,707,0,0,1,0,0,0,0,0,0,3,0,0,0,0,0,0,0,0,0,1,0,0,0,0,516,0,0,2,0,0,0,0,127,0,0,0,0,0,0,1,0,0,0,0,0,0,0,5,0,0,0,9,0,0,38,0,0,0,0,0,0,0,0,6,0,0,0,0,0,1,0,0,0,0,0,0,0,2,0,0,0,1,0,3,0,50,7,0,0,0,0,0,0,0,0,0,0,0,0,0,0,0,0,0,0,12,0,0,0,0,0,0,0,0,0,0,0,0,0,1,0,0,7
"H24",0,0,0,0,0,0,2,0,0,0,7,0,0,0,0,0,0,0,0,0,0,0,0,0,0,0,0,23,1,263,0,0,0,0,1,10,364,0,0,0,0,2,0,0,0,0,0,0,0,0,0,0,0,0,0,0,0,0,0,29,0,0,13,0,45,1,0,47,0,0,0,3,0,0,0,0,0,0,0,0,0,0,0,93,0,5,0,0,2,0,0,0,0,15,5,6,0,0,238,0,0,1,0,0,0,16,7,0,330,0,0,0,1,0,0,0,0,0,1,0,0,0,1,471,0,0,0,0,0,0,0,0,0,0,0,0,0,0,0,0,0,0,0,0,0,0,23,0,0,0,102,0,0,6,0,0,0,0,0,0,1,0,12,0,0,0,5,0,0,0,0,0,0,0,0,0,0,0,0,0,0,0,33,0,190,33,0,0,0,0,0,0,0,0,0,0,0,0,0,0,0,0,0,0,19,3,0,0,0,0,0,0,0,0,0,0,1,0,0,0,0,0
"H25",0,0,0,0,0,0,0,0,0,0,24,0,0,0,0,0,0,0,0,0,0,0,0,0,0,0,0,9,3,776,0,0,0,0,8,1,162,0,0,2,0,0,0,0,0,0,0,0,0,0,0,0,0,0,0,0,0,1,0,26,0,5,41,0,28,0,2,22,0,0,0,0,0,0,0,0,0,0,0,0,0,0,0,40,0,2,0,0,1,0,2,0,0,15,17,0,0,0,166,0,0,3,1,0,0,0,0,0,0,3,0,0,0,0,2,0,0,0,0,0,0,0,1,566,0,0,0,0,0,0,0,0,0,0,0,0,0,0,0,0,0,0,0,0,0,0,8,0,0,0,22,16,0,60,0,0,0,0,0,0,0,0,37,0,0,0,0,0,2,0,0,0,0,0,0,0,0,0,0,0,0,0,3,0,50,20,0,0,0,0,0,0,3,0,0,0,0,0,0,0,0,0,0,0,6,0,0,0,0,0,0,0,0,0,0,0,4,0,1,0,0,0
"H26",0,0,0,0,0,0,2,0,0,0,0,0,0,0,0,0,0,0,0,0,0,0,0,0,0,0,0,2,0,246,0,0,0,0,152,1,178,0,0,0,0,0,0,0,0,0,0,0,0,0,0,0,0,0,0,0,0,5,0,23,0,0,338,0,60,0,0,47,0,0,0,0,0,0,0,0,0,0,0,0,0,0,1,41,0,0,0,0,0,0,0,0,0,13,0,0,0,0,292,0,0,1,0,0,0,1,0,0,7,0,0,0,0,0,6,0,0,0,0,0,0,0,24,431,0,0,0,0,0,0,0,0,71,0,0,0,0,0,0,0,0,0,0,0,0,0,0,0,0,0,2,0,0,0,0,0,0,0,0,0,1,0,4,0,0,0,1,0,0,0,0,0,0,0,0,0,0,0,0,0,0,0,200,0,7,0,0,0,0,0,0,0,6,0,0,0,0,0,0,0,0,0,0,0,5,0,0,0,0,0,0,0,0,0,0,0,77,0,0,12,0,0
"H27",0,0,0,0,1,0,0,0,0,12,71,0,0,0,0,0,0,0,0,0,0,0,0,0,0,0,0,39,0,326,5,0,0,0,11,9,110,0,0,1,0,8,0,0,0,0,0,0,0,0,0,0,0,0,0,0,3,2,0,25,0,0,33,0,3,0,0,33,0,0,1,3,0,0,0,0,0,0,0,27,0,0,103,35,0,0,0,0,0,0,0,0,0,78,0,0,0,0,193,0,0,16,0,0,0,13,0,0,0,0,0,0,1,0,0,0,0,0,0,0,0,0,2,353,0,0,0,0,0,0,0,21,0,0,0,0,0,0,0,0,0,0,1,0,7,0,24,0,0,0,98,6,0,1,0,0,0,0,0,0,0,0,16,0,0,0,0,0,73,54,0,0,0,0,0,0,0,0,0,0,0,0,10,0,235,26,0,0,0,0,0,0,3,0,0,0,0,0,0,0,0,0,0,0,33,23,0,0,0,0,0,0,0,0,0,0,0,0,0,0,0,2
"H30",0,0,0,0,0,0,0,0,0,0,23,0,0,0,0,0,0,0,0,0,0,0,0,0,0,0,0,10,1,813,0,0,11,0,132,4,145,0,0,1,0,8,0,0,0,0,0,0,0,0,2,0,0,0,0,0,0,1,0,19,0,0,44,0,50,0,3,0,0,0,0,3,0,0,0,0,0,3,0,0,0,0,7,7,0,1,0,0,0,0,0,0,0,6,5,0,0,0,223,0,0,0,0,0,0,17,0,0,0,0,0,0,0,0,0,0,0,0,1,0,0,0,12,571,0,0,0,0,0,0,0,0,0,0,0,0,0,0,0,0,0,0,0,0,1,0,18,0,0,0,39,0,0,53,0,0,0,0,0,0,1,0,7,0,0,0,0,0,1,0,0,0,0,0,0,0,0,0,0,0,0,0,4,0,49,0,0,0,0,0,0,0,0,0,0,0,0,0,0,0,0,0,0,0,3,0,0,0,0,0,0,0,0,0,0,0,0,0,0,0,0,0
"H32",0,0,0,0,0,0,0,0,0,0,19,0,0,0,0,0,0,0,0,0,0,0,0,0,0,0,0,47,0,491,0,0,0,0,0,2,158,0,0,2,0,3,0,0,0,0,0,0,0,0,0,0,0,0,0,0,0,0,0,37,0,0,4,0,57,18,0,26,0,0,0,0,0,0,0,0,0,0,0,0,0,0,0,31,0,3,0,0,0,0,0,0,0,17,0,0,0,0,126,0,0,4,0,0,0,8,0,0,47,0,0,0,0,0,0,0,0,0,1,0,0,0,0,441,0,0,0,1,0,0,0,38,0,0,0,0,0,0,0,0,0,0,0,0,4,0,25,0,0,0,51,6,0,0,0,0,0,0,0,0,0,0,70,0,0,0,0,0,453,0,0,0,0,0,0,0,0,0,0,0,0,0,33,0,101,23,0,0,0,0,0,0,0,0,0,0,0,0,0,0,0,0,0,0,0,40,0,0,0,0,0,0,0,0,0,0,0,0,0,0,0,1
"H33",0,0,0,0,0,0,0,0,0,0,20,0,0,0,0,0,0,0,0,0,0,0,0,0,0,0,0,56,105,318,1,2,0,0,33,2,71,0,0,0,0,2,0,0,0,0,0,0,0,0,0,0,0,0,0,0,0,14,0,22,0,1,10,0,11,0,0,0,0,0,0,0,0,0,0,0,0,0,0,0,0,0,56,13,0,0,0,0,0,0,0,0,0,52,0,0,0,0,452,0,0,0,0,0,0,1,0,0,0,0,0,0,0,0,1,0,0,0,0,0,0,0,0,494,0,0,0,0,0,0,0,0,0,0,0,0,0,0,0,0,0,0,0,0,7,0,12,0,0,0,18,8,0,2,0,0,0,0,0,0,0,0,0,0,0,0,1,0,0,0,0,0,0,0,0,0,0,0,0,0,0,0,2,0,158,44,0,0,0,0,0,0,0,0,0,0,0,0,0,0,0,0,0,0,19,0,0,0,0,0,0,0,0,0,0,0,6,0,0,0,0,1
"H34",0,0,0,0,0,0,0,0,0,0,7,0,0,0,0,0,0,0,0,0,0,0,0,0,0,0,0,11,0,481,6,0,0,0,40,0,122,0,0,0,0,4,0,1,0,0,0,0,0,0,0,0,0,0,0,0,0,0,0,10,0,0,0,0,86,0,5,43,0,0,0,1,0,0,0,0,0,0,0,0,0,0,0,89,0,0,0,0,0,0,0,0,0,8,25,0,0,0,109,0,0,30,0,0,0,3,0,0,0,0,1,0,0,0,0,0,0,0,0,2,0,0,0,485,0,0,0,0,0,0,0,0,0,0,0,0,0,0,0,0,0,0,0,0,0,0,0,0,0,0,31,0,0,0,0,0,0,0,0,0,0,0,0,0,0,0,0,0,0,0,0,0,0,0,0,0,0,0,0,0,0,0,124,0,64,14,0,0,14,0,0,0,0,0,0,0,0,0,0,0,0,0,0,0,23,0,0,0,0,0,0,0,0,0,0,0,0,0,0,0,0,1
"H35",0,0,0,0,0,0,0,0,0,0,25,0,0,0,0,0,0,0,0,1,0,0,0,0,0,0,0,16,0,836,0,0,0,0,0,2,213,0,0,0,0,1,0,0,0,0,0,0,0,0,0,0,0,0,0,0,0,0,0,36,0,0,0,0,0,0,2,0,0,0,0,0,0,0,0,0,0,0,0,0,0,0,0,1,0,3,0,0,0,0,0,0,0,14,0,0,0,0,277,0,0,1,0,0,0,23,0,0,0,0,0,0,0,0,0,0,0,0,0,0,0,0,5,395,0,0,0,0,0,0,0,0,0,0,0,0,0,0,0,0,0,0,0,0,5,0,42,0,0,0,78,0,0,55,0,0,0,0,0,0,0,0,39,0,0,0,0,0,2,0,0,0,0,0,0,0,0,0,0,0,0,0,3,0,95,0,0,0,0,0,0,0,0,0,0,0,0,0,0,0,0,0,0,0,9,0,0,0,0,0,0,0,0,0,0,0,0,0,0,0,0,0
"H36",0,0,0,0,0,0,0,0,0,0,7,0,0,0,0,0,0,0,0,0,0,0,0,0,0,0,0,6,10,828,0,0,9,0,0,4,210,0,0,0,0,2,0,0,0,0,0,0,0,0,0,0,0,0,0,0,0,0,0,22,0,0,0,0,17,0,1,3,0,0,0,1,0,0,0,0,0,0,0,0,0,0,0,20,0,2,0,0,0,0,0,0,0,3,0,0,0,0,630,0,0,0,0,0,0,7,0,0,0,0,0,0,0,0,0,0,0,0,0,0,0,0,2,393,0,0,0,0,0,0,0,0,0,0,0,0,0,0,0,0,0,0,0,0,0,0,0,0,0,0,22,0,0,0,0,0,0,0,0,0,0,0,23,0,0,0,0,0,0,0,0,1,0,0,0,0,0,0,0,0,0,0,2,0,7,0,0,0,0,0,0,0,0,0,0,0,0,0,0,0,0,0,0,0,1,0,0,0,0,0,0,0,0,0,0,0,0,0,0,0,0,0
"H37",0,0,0,0,0,0,0,0,0,0,64,0,0,0,0,0,0,0,1,0,0,0,0,0,0,0,0,251,0,388,1,26,0,0,2,12,149,0,0,14,0,5,0,0,0,0,0,0,0,0,0,0,0,0,0,0,0,0,0,57,2,0,2,0,20,0,0,60,0,0,0,2,0,0,50,0,0,0,0,0,6,0,0,61,0,0,0,0,0,0,0,0,0,3,0,0,0,0,319,0,0,4,0,0,0,6,0,0,0,0,0,0,0,0,0,0,0,0,1,0,0,0,0,532,0,0,0,0,0,0,0,0,0,0,0,0,0,0,0,0,0,0,0,0,4,0,23,0,0,0,22,27,0,1,0,0,0,0,0,0,0,0,57,0,0,0,0,1,1,0,0,0,0,0,2,0,0,0,0,0,0,0,4,0,161,1,0,0,0,0,0,0,5,0,0,0,0,0,0,0,0,0,0,0,4,0,0,0,0,0,0,0,0,0,0,0,0,0,0,0,0,3
"H38",0,0,0,0,0,1,0,0,0,0,50,0,0,0,0,0,0,0,0,0,0,0,0,0,0,0,0,549,0,164,0,0,0,0,7,3,181,0,0,0,0,12,0,0,0,0,0,0,0,36,0,0,0,0,1,0,1,0,0,47,1,0,48,0,44,0,0,109,0,0,0,2,0,0,0,0,0,0,0,53,0,1,0,61,0,0,0,0,0,0,2,0,0,42,11,0,0,0,68,0,0,85,0,0,0,1,0,0,0,1,1,0,2,0,0,0,0,0,0,0,0,0,0,300,0,0,1,1,0,0,0,19,6,0,0,0,0,0,0,0,0,0,0,0,4,0,20,0,0,0,48,0,0,0,0,0,0,0,0,0,1,0,44,0,0,0,4,0,4,0,0,0,0,0,2,0,0,0,0,1,0,0,5,0,286,1,0,0,0,0,0,0,0,0,0,0,0,0,0,0,0,0,0,0,5,1,0,14,0,0,1,0,0,0,0,0,0,0,0,0,0,0
"H39",0,0,0,0,0,0,0,0,0,0,0,0,0,0,0,0,0,0,0,0,0,0,0,0,0,0,0,1,0,3,0,0,0,0,26,0,103,0,0,7,0,0,0,0,0,0,0,0,0,0,0,0,0,0,0,0,0,2,0,94,0,103,30,0,9,0,23,0,0,0,0,0,0,0,0,0,0,0,0,0,0,0,0,1,0,0,0,0,9,1,103,0,0,0,258,0,0,0,3,0,0,0,0,0,0,0,0,0,0,0,0,0,0,0,1,0,0,0,2,0,0,0,277,575,0,0,20,0,0,0,0,0,0,0,0,0,0,0,0,0,0,0,0,0,0,0,0,0,0,0,0,0,0,0,0,0,0,0,0,0,0,0,0,0,0,0,0,0,0,0,0,0,0,0,0,0,0,0,0,0,0,0,0,0,0,0,0,0,0,0,0,0,0,0,0,0,0,0,0,0,0,0,0,1,39,0,0,0,0,0,0,0,0,0,0,0,0,0,21,0,0,0
"H40",0,0,0,0,0,0,0,0,0,0,13,0,0,0,0,0,0,0,0,0,0,0,0,0,0,0,0,3,0,1043,0,0,0,0,5,13,259,0,0,0,0,0,0,0,0,0,4,0,0,0,0,0,0,0,0,0,0,0,0,17,0,0,3,0,125,34,0,33,0,0,0,0,0,0,0,0,0,0,0,0,0,0,0,1,0,0,0,0,0,0,0,0,0,8,5,0,0,0,29,0,0,10,0,0,0,13,0,0,178,0,0,0,0,0,0,0,0,0,0,0,0,0,0,402,0,0,0,0,0,0,0,0,0,0,0,0,0,0,0,0,0,0,0,0,0,0,3,0,0,0,0,0,0,19,0,0,0,0,0,0,0,0,78,0,0,0,0,0,1,0,0,0,0,0,0,0,0,0,0,0,0,0,0,0,36,17,0,0,0,0,0,0,0,0,0,0,0,0,0,0,0,0,0,0,3,0,0,0,0,0,0,0,0,0,0,0,0,0,0,1,0,0
"H41",0,0,0,0,0,0,0,0,0,0,69,0,0,0,0,0,0,0,0,0,0,0,0,0,0,0,0,37,2,236,0,6,8,0,24,3,69,0,0,5,0,3,0,0,0,0,0,0,0,0,0,0,0,0,0,0,0,2,0,28,2,0,14,0,11,1,0,14,0,0,0,3,0,0,0,0,0,0,0,0,0,0,28,16,0,0,0,0,0,0,0,0,0,11,13,0,0,0,214,0,0,2,0,0,0,4,0,0,0,0,0,0,1,0,0,0,0,0,1,0,0,0,0,293,0,0,0,0,0,0,0,0,2,0,0,0,0,0,0,0,0,0,0,0,9,0,16,0,0,0,27,0,0,3,0,0,0,0,0,0,0,0,3,0,0,0,0,0,721,1,0,0,0,0,0,0,0,0,0,0,0,0,19,0,229,25,0,0,0,0,0,0,0,0,0,0,0,0,0,0,0,0,0,0,2,0,0,0,0,0,0,0,0,0,0,0,0,0,0,0,0,1
"H42",0,0,0,0,0,1,0,0,0,0,3,0,0,0,0,0,0,0,0,0,0,0,0,0,0,0,0,13,5,34,0,0,0,0,9,5,40,0,0,1,0,1,0,0,0,0,0,0,0,0,0,0,0,0,0,0,0,0,0,25,0,0,5,1,33,1,0,10,0,0,0,0,0,0,0,0,0,0,0,12,0,0,0,32,0,0,0,0,0,0,0,0,0,10,0,0,0,0,181,0,0,1,0,0,0,0,1,0,126,0,0,0,0,0,0,0,0,0,0,0,0,0,2,244,0,0,0,0,0,0,0,0,0,0,0,0,0,0,0,0,0,0,0,0,0,0,2,0,0,0,10,2,0,0,0,0,0,0,0,0,0,0,0,0,0,0,0,0,1384,4,0,0,0,0,0,0,0,0,0,0,0,0,104,0,46,0,0,0,54,0,0,0,0,0,0,0,0,0,0,0,0,0,0,0,3,41,0,0,0,0,0,1,0,0,0,0,0,0,0,0,0,0
"H43",0,0,0,0,0,0,15,2,1,10,12,0,0,0,0,0,0,0,0,1,0,0,0,0,0,0,0,103,37,649,9,0,0,0,5,7,222,0,0,0,0,10,0,0,2,0,9,28,0,0,0,0,0,0,6,0,0,0,0,11,1,0,4,0,0,16,1,17,0,0,0,1,0,0,1,0,0,0,0,0,0,0,0,56,0,0,0,0,0,0,1,0,0,25,0,0,0,0,139,0,0,10,0,0,0,13,0,0,20,0,18,0,1,6,8,0,0,0,0,0,0,0,0,631,0,3,0,1,0,3,0,0,0,0,0,0,0,0,0,0,0,0,3,0,5,0,51,0,0,0,32,0,0,0,0,2,0,0,0,0,0,0,48,0,0,0,81,2,17,0,0,2,0,0,1,0,0,0,0,0,0,0,178,24,128,23,0,0,0,7,0,0,0,0,0,0,0,0,0,0,0,4,0,2,234,22,0,0,0,0,0,0,0,0,0,0,0,0,6,2,0,1
"H44",0,0,0,0,0,0,1,0,0,0,46,0,0,0,0,0,0,0,0,0,0,0,0,0,0,0,0,19,2,991,5,0,1,0,11,5,76,0,0,9,0,3,0,0,0,0,0,0,0,0,0,0,0,0,0,0,0,1,0,32,0,0,10,0,64,2,1,27,0,0,0,1,0,0,0,0,0,0,0,0,4,0,0,23,0,0,0,0,0,0,0,0,0,14,6,0,0,0,277,0,0,5,0,0,0,0,0,0,0,0,0,0,0,0,0,0,0,0,0,0,0,0,0,428,0,0,0,0,0,0,0,0,0,0,0,0,0,0,0,0,0,0,0,0,8,1,24,1,0,0,27,38,0,1,1,0,0,0,0,0,0,1,44,0,0,0,1,0,1,0,0,0,0,0,0,0,0,0,0,0,0,0,149,0,243,54,0,0,0,0,0,0,0,0,0,0,0,0,1,0,0,0,0,0,28,0,0,0,0,0,0,0,0,0,0,0,0,0,1,0,0,0
"H45",0,0,0,0,0,0,0,0,0,2,41,0,0,0,0,0,0,0,0,0,0,0,0,0,0,0,0,176,1,213,0,4,0,0,0,4,119,0,0,0,0,15,0,0,0,0,0,0,0,0,0,0,0,0,0,0,2,1,0,71,21,0,18,0,1,0,0,9,0,0,0,3,0,0,0,0,0,0,0,4,0,0,0,50,0,0,0,0,1,0,0,0,0,27,0,0,0,0,129,0,0,12,0,0,0,10,0,0,0,0,0,0,0,0,0,0,0,0,2,0,0,0,3,983,0,0,0,0,0,0,0,0,0,0,0,0,0,0,0,0,0,0,0,0,1,0,31,0,0,0,26,12,0,0,0,0,0,0,0,0,0,0,29,0,0,0,7,0,14,0,0,0,0,0,0,0,0,0,0,0,0,0,71,0,114,9,0,0,0,0,0,0,0,0,0,0,0,0,0,0,0,0,0,0,8,3,0,0,0,0,0,0,0,0,0,0,0,0,0,0,0,1
"H46",0,0,0,0,0,0,0,0,0,0,47,0,0,0,0,0,0,0,0,0,0,0,0,0,0,0,0,114,0,492,0,5,1,0,1,3,80,0,0,1,0,13,0,0,0,0,0,0,0,0,0,0,0,0,0,0,0,0,0,22,0,0,6,0,0,0,0,13,0,0,0,2,0,0,0,0,0,0,0,0,0,0,0,19,0,0,0,0,0,0,0,0,0,49,1,0,0,0,134,0,0,3,0,0,0,0,0,0,0,0,0,0,0,1,0,0,0,0,2,0,0,0,0,634,0,0,0,0,0,0,0,0,0,0,0,0,0,0,0,0,0,0,0,1,2,0,26,0,0,0,4,0,0,17,0,0,0,0,0,0,0,0,70,0,0,0,0,1,0,0,0,0,0,0,0,0,0,0,0,0,0,0,229,0,161,1,0,0,0,0,0,0,0,0,0,0,0,0,0,0,0,0,0,1,5,0,0,0,0,0,0,0,0,0,0,0,0,0,0,0,0,4
"H47",0,0,0,0,0,0,0,0,0,1,9,0,0,0,0,0,0,0,0,0,0,0,0,0,0,0,0,39,2,974,0,2,0,0,2,0,47,0,0,0,0,6,0,0,0,0,0,0,0,0,0,0,0,0,0,0,0,0,0,31,14,0,4,0,13,4,3,6,0,0,0,0,0,0,0,0,0,0,0,0,0,0,0,14,0,0,0,0,0,0,0,0,0,18,34,0,0,0,312,0,0,1,0,0,0,1,0,0,0,0,0,0,0,0,2,0,0,0,1,0,1,0,0,253,0,0,0,0,0,0,0,0,0,0,0,0,0,0,0,0,0,0,0,0,6,0,21,0,0,0,76,0,0,17,0,0,0,0,0,0,0,0,67,0,0,0,0,0,2,0,0,0,0,0,0,0,2,0,0,0,0,0,23,0,71,1,0,0,0,0,0,0,0,0,0,0,0,0,0,0,0,0,0,0,8,0,0,0,0,0,0,0,0,0,0,0,1,0,0,0,0,0
"H48",0,0,0,0,0,0,0,0,0,0,19,0,1,0,0,0,0,0,0,0,0,0,0,0,0,0,0,36,0,970,0,4,0,0,1,1,33,0,0,1,0,1,0,0,0,0,0,0,0,0,0,0,0,0,0,0,0,0,0,57,1,1,1,0,2,0,0,1,0,0,0,0,0,0,0,1,0,0,0,0,0,0,0,11,0,0,0,0,1,0,0,0,0,44,6,0,0,0,163,0,0,2,0,0,0,1,0,0,0,0,0,0,0,0,0,0,0,0,0,2,0,0,1,463,0,0,0,0,0,0,0,0,0,0,0,0,0,0,0,0,0,0,0,0,7,0,8,0,0,0,108,0,0,1,0,0,0,0,0,0,0,0,28,0,0,0,0,0,0,1,0,0,0,0,0,0,0,0,0,0,0,0,119,0,62,0,0,0,0,0,0,0,0,0,0,0,0,0,0,0,0,0,0,0,0,0,0,0,0,0,0,0,0,0,0,0,1,0,0,0,0,0
"H49",0,0,0,0,0,0,0,0,0,0,0,0,0,0,0,0,0,0,0,0,0,0,0,0,0,0,0,19,0,635,0,0,2,0,0,4,74,0,0,0,4,0,0,0,0,0,0,0,0,0,0,0,0,0,0,0,0,6,0,4,1,0,14,0,0,0,0,4,0,0,0,0,0,0,0,0,0,0,0,0,0,0,0,3,0,5,0,0,7,0,0,0,0,0,2,0,0,0,2,0,0,4,0,0,0,6,1,0,8,0,0,0,0,0,2,0,0,0,0,0,0,0,0,782,0,0,0,0,0,0,0,0,0,0,0,0,0,0,0,0,0,0,0,0,0,0,0,0,0,0,86,0,0,0,0,0,0,0,0,0,0,0,28,0,0,0,0,0,0,0,0,0,0,0,0,0,0,0,0,0,0,0,641,0,22,28,0,0,1,0,0,0,0,0,0,0,0,0,0,0,0,0,0,0,53,0,0,0,0,0,0,0,0,0,0,0,0,0,0,0,0,1
"H50",0,0,0,0,0,0,0,1,0,0,11,11,0,0,0,0,1,0,0,0,0,0,0,0,0,0,0,12,0,884,0,0,0,0,83,3,189,0,0,0,0,0,0,0,0,0,0,0,0,0,0,0,0,0,0,0,3,1,0,6,0,0,2,0,52,5,0,38,0,0,0,0,0,0,0,0,0,0,0,0,0,0,0,46,0,0,0,0,2,0,0,0,0,7,0,0,0,0,96,0,0,1,0,0,0,0,0,0,26,0,0,0,0,0,0,0,0,0,0,0,0,0,0,656,0,0,0,0,0,0,0,0,0,0,0,0,0,0,0,0,0,1,0,0,0,0,5,0,0,0,27,0,0,0,0,0,0,0,0,0,0,1,42,0,0,0,0,0,0,0,0,0,0,0,0,0,0,0,0,0,0,0,0,0,10,0,2,0,0,0,0,0,0,0,0,0,0,0,0,0,0,0,0,0,1,7,0,0,0,0,0,0,1,0,0,0,0,0,0,0,0,0
"H51",0,0,0,0,0,0,0,0,0,5,18,0,0,0,0,0,0,0,0,0,0,0,0,0,0,0,0,20,1,749,0,0,0,0,12,4,116,0,0,2,0,0,0,0,0,0,0,0,0,0,0,0,0,0,0,0,0,0,0,13,0,0,17,0,1,0,18,0,0,0,0,1,0,0,0,0,0,0,0,0,0,0,0,29,0,0,0,0,0,0,0,0,0,12,0,5,0,0,422,0,0,3,0,0,0,1,0,0,1,0,0,0,0,0,0,0,0,0,0,0,0,0,0,445,0,0,2,0,0,0,0,0,0,0,0,0,0,0,0,0,0,0,0,0,0,0,3,0,0,0,26,0,0,0,0,0,0,0,0,0,0,0,38,0,0,0,12,0,1,0,0,0,0,0,0,0,0,0,0,0,0,0,1,0,35,45,0,0,0,0,0,0,0,0,0,0,0,0,0,0,0,0,0,0,10,0,0,0,0,0,0,0,0,0,0,0,1,0,0,0,0,1
"H52",0,0,0,0,0,0,1,0,0,0,0,0,0,0,0,0,0,0,0,0,0,0,0,0,0,0,0,1,0,1179,0,0,0,0,0,0,205,0,0,0,0,0,0,0,0,0,0,0,0,0,0,0,0,0,0,0,0,0,0,9,0,1,51,0,9,0,68,0,0,0,0,0,0,0,0,0,0,0,0,0,0,0,0,1,0,0,0,0,0,0,0,0,0,0,145,0,0,0,0,0,0,1,0,0,0,20,0,0,36,0,0,0,0,1,0,0,0,0,0,0,0,0,0,493,0,0,0,0,0,0,0,0,0,0,0,0,0,0,0,0,0,0,0,0,0,0,0,0,0,0,0,0,0,0,0,0,0,0,0,0,0,0,65,0,0,0,0,0,0,0,0,0,0,0,0,0,0,0,0,0,0,0,0,0,0,0,0,0,0,0,0,0,0,0,0,0,0,0,0,0,0,0,0,0,2,0,0,0,0,0,0,0,0,0,0,0,0,0,0,0,0,0
"H53",0,0,1,0,0,4,0,1,0,0,35,1,0,0,0,0,0,0,0,0,0,0,0,0,0,0,0,89,1,255,0,2,0,0,4,1,114,0,0,0,0,0,0,0,0,0,0,0,0,0,0,0,0,0,0,0,0,2,0,39,4,0,13,0,2,0,0,17,0,0,0,0,0,0,0,0,0,0,0,0,0,0,0,34,0,0,0,0,0,0,0,0,0,36,0,0,0,0,158,0,0,10,0,0,0,2,0,0,2,0,0,0,0,1,1,0,0,0,0,0,0,0,0,602,0,0,0,0,0,0,0,0,0,0,0,0,0,0,0,0,0,0,0,0,8,0,8,0,0,0,24,0,0,0,0,0,0,0,0,0,1,0,11,0,0,0,3,1,660,9,0,0,0,0,0,0,0,0,0,0,0,0,0,0,234,0,0,0,0,0,0,0,0,0,0,0,0,0,0,0,0,0,0,0,29,24,0,0,0,0,0,0,0,1,0,0,0,0,0,0,0,0
"H54",0,0,0,0,0,0,0,1,0,0,4,0,0,0,0,0,0,0,0,0,0,0,0,0,0,0,0,14,0,927,0,0,3,0,0,0,286,0,0,15,0,0,0,0,0,0,0,0,0,0,0,0,0,0,0,0,0,15,0,6,0,0,48,1,19,0,2,4,0,0,0,0,0,0,0,0,0,0,0,0,1,0,0,63,0,0,0,0,3,0,0,0,0,70,0,0,0,0,295,0,0,1,0,0,0,1,4,0,438,0,0,0,0,0,0,0,0,0,0,0,0,0,0,515,0,0,1,0,0,0,0,0,0,0,0,0,0,0,0,0,0,0,0,0,0,0,0,0,0,0,44,0,0,0,0,0,0,0,0,0,0,0,9,0,0,0,0,0,1,1,0,0,0,0,0,0,0,0,0,0,0,0,3,0,6,0,0,0,0,0,0,0,0,0,0,0,0,0,0,0,0,0,0,0,4,0,0,0,0,0,0,0,0,0,0,0,0,0,0,0,0,0
"H55",0,0,0,0,0,0,0,0,0,0,38,0,0,0,0,0,0,0,0,0,0,0,0,0,0,0,0,64,1,609,0,6,0,0,0,2,90,0,0,0,0,0,0,0,0,0,0,0,0,0,0,0,0,0,0,0,0,5,0,28,1,1,37,0,4,0,0,9,0,0,0,1,0,0,0,0,0,0,0,0,0,0,0,44,0,0,0,0,3,0,0,0,0,64,2,0,0,0,281,0,0,3,1,0,0,3,0,0,0,0,0,0,1,0,2,0,0,0,0,0,0,0,12,536,0,0,0,0,0,0,0,0,0,0,0,0,0,0,0,0,0,0,0,0,2,0,19,0,0,0,30,14,0,0,0,1,0,0,0,0,0,0,1,0,0,0,0,0,0,0,0,0,0,0,0,0,0,0,0,0,0,0,2,0,329,16,0,0,47,0,0,0,0,0,0,0,0,0,0,0,0,0,0,0,0,18,0,0,0,0,0,0,0,0,0,0,0,0,0,0,0,2
"H56",0,0,0,0,0,0,0,0,0,0,28,0,0,0,0,0,0,0,0,0,0,0,0,2,0,0,0,21,0,701,0,0,0,0,0,0,206,0,0,0,0,0,0,0,0,0,0,0,0,0,0,0,0,0,0,0,0,1,0,70,1,0,42,0,0,0,0,25,0,0,0,0,0,0,15,0,0,0,0,0,0,0,0,44,0,0,0,0,0,0,1,0,0,32,0,0,0,0,442,0,0,12,0,0,0,0,0,0,0,0,0,0,0,0,1,0,0,0,0,0,0,0,0,386,0,0,0,0,0,0,0,0,0,0,0,0,0,0,0,0,0,0,1,0,1,0,12,0,0,0,52,22,0,1,0,0,0,0,0,0,0,0,13,0,0,0,1,1,2,0,0,0,0,0,0,0,0,0,0,0,0,0,125,0,213,24,0,0,0,0,0,0,0,0,0,0,0,0,0,0,0,0,0,0,2,0,0,0,0,0,0,0,0,0,0,0,0,0,0,0,0,0
"H57",0,0,0,0,0,0,0,0,0,0,23,0,0,0,0,0,0,0,0,0,0,0,0,0,0,0,0,59,5,268,2,0,3,0,0,0,75,0,0,0,0,0,0,0,0,0,0,0,0,0,0,0,0,0,0,0,0,0,0,11,0,0,30,0,1,0,0,0,0,0,0,1,0,0,0,0,0,0,0,0,0,0,3,53,0,0,0,0,83,0,1,0,0,66,5,0,0,0,411,0,0,1,0,0,0,1,0,0,3,0,0,0,0,0,0,0,0,0,0,0,0,0,0,510,0,1,7,0,0,0,0,0,0,0,0,0,0,0,0,0,0,0,1,0,3,0,7,0,0,0,13,0,0,7,0,0,0,0,0,0,0,0,17,0,0,0,0,0,133,24,0,0,0,0,0,0,0,0,0,0,0,0,7,0,150,17,0,1,0,0,0,0,0,0,0,0,0,0,0,0,0,0,0,0,3,0,0,0,0,0,0,0,0,0,0,0,0,0,0,0,0,0
"H58",0,0,0,0,0,4,1,1,0,0,7,3,0,0,0,0,0,0,0,0,0,0,0,0,0,0,0,34,0,354,0,0,0,0,74,0,215,0,0,0,0,0,1,0,0,0,0,0,0,0,0,0,0,0,0,0,0,0,0,38,0,0,2,0,54,0,0,43,0,0,0,3,0,0,0,0,0,0,0,0,0,0,74,41,0,0,0,0,0,0,0,0,0,63,2,0,0,0,153,0,0,3,0,0,0,25,0,0,0,0,0,0,1,0,0,0,0,0,0,0,0,0,0,554,0,0,0,0,0,0,0,0,0,0,0,0,0,0,0,0,0,0,0,0,0,0,11,0,0,0,12,24,0,2,0,0,0,0,0,0,0,0,1,0,0,0,0,0,73,31,0,0,0,0,0,0,0,0,0,0,0,0,20,0,241,0,0,0,0,0,0,0,0,0,0,0,0,0,0,0,0,0,0,0,6,0,0,0,0,0,0,0,0,0,0,0,0,0,0,0,0,3
"H59",0,0,0,0,0,0,0,0,0,1,107,0,0,0,0,0,0,0,0,0,0,0,0,0,0,0,0,99,0,196,0,0,0,0,19,0,87,0,0,0,0,18,0,0,0,0,0,0,0,0,0,0,0,0,3,0,0,0,0,31,0,0,103,0,0,0,1,43,0,0,0,23,0,0,30,0,0,0,0,0,0,0,54,7,0,0,0,0,0,0,0,0,0,50,0,0,0,0,315,0,0,8,0,0,0,0,0,0,0,0,0,0,0,0,0,0,0,0,0,0,0,0,0,197,0,0,2,0,0,0,0,0,16,0,0,0,0,0,0,0,0,0,0,0,1,0,33,0,0,0,47,0,0,0,0,0,0,0,0,0,0,0,7,0,0,0,9,0,1,0,0,0,0,0,0,0,0,0,0,30,0,0,0,0,288,12,0,0,1,0,0,0,4,0,0,0,0,0,0,0,0,0,0,0,133,0,0,0,0,0,0,0,0,0,0,0,0,1,2,0,0,0
"H60",0,0,0,0,0,0,0,0,0,0,5,0,0,0,0,0,0,0,0,9,0,0,0,0,0,0,0,2,0,827,0,0,0,0,57,5,56,0,0,0,0,0,0,0,0,0,0,0,0,0,0,0,0,0,0,0,0,3,0,26,0,3,132,0,1,0,1,0,0,0,0,1,0,0,0,0,0,0,0,1,0,7,0,1,0,7,0,0,1,0,1,0,0,32,56,2,0,0,16,0,0,16,0,0,0,48,1,0,34,0,0,0,1,0,0,0,0,0,0,0,0,0,0,157,0,0,0,0,0,0,0,1,0,0,0,0,0,0,0,0,0,0,0,0,0,0,1,0,0,0,19,0,0,30,0,0,0,0,0,0,0,0,16,0,0,0,1,0,1,0,0,0,0,0,0,0,0,0,0,1,0,0,1,0,27,49,0,0,0,0,0,0,0,0,0,0,0,0,0,0,0,0,0,1,5,0,0,0,0,0,0,0,0,0,2,0,1,0,0,0,0,0
