otu,mda_median,iqr25,iqr75,study,rank
Pelomonas,0.190666666666667,0.190666666666667,0.190666666666667,burns,1
Parabacteroides,0.0870666666666667,0.0870666666666667,0.0870666666666667,burns,2
Clostridiales_unclassified,0.0813333333333333,0.0813333333333333,0.0813333333333333,burns,3
Bacillales_unclassified,0.0787333333333333,0.0787333333333333,0.0787333333333333,burns,4
Bacteroides,0.0703333333333333,0.0703333333333333,0.0703333333333333,burns,5
Comamonadaceae_unclassified,0.0696666666666667,0.0696666666666667,0.0696666666666667,burns,6
Staphylococcus,0.0678666666666667,0.0678666666666667,0.0678666666666667,burns,7
Subdoligranulum,0.0645333333333333,0.0645333333333333,0.0645333333333333,burns,8
Bacilli_unclassified,0.0642,0.0642,0.0642,burns,9
Lactobacillales_unclassified,0.0596666666666667,0.0596666666666667,0.0596666666666667,burns,10
Streptococcus,0.0593333333333333,0.0593333333333333,0.0593333333333333,burns,11
Propionibacterium,0.0563333333333333,0.0563333333333333,0.0563333333333333,burns,12
Bacteroidetes_unclassified,0.051,0.051,0.051,burns,13
Erysipelotrichaceae_unclassified,0.0502,0.0502,0.0502,burns,14
Parvimonas,0.0458666666666667,0.0458666666666667,0.0458666666666667,burns,15
Actinomycetales_unclassified,0.0426666666666667,0.0426666666666667,0.0426666666666667,burns,16
Ruminococcaceae_unclassified,0.0404666666666667,0.0404666666666667,0.0404666666666667,burns,17
Chitinophagaceae_unclassified,0.0388666666666667,0.0388666666666667,0.0388666666666667,burns,18
Dialister,0.0372,0.0372,0.0372,burns,19
Howardella,0.036,0.036,0.036,burns,20
Staphylococcaceae_unclassified,0.0353333333333333,0.0353333333333333,0.0353333333333333,burns,21
Burkholderiales_unclassified,0.0343333333333333,0.0343333333333333,0.0343333333333333,burns,22
Prevotellaceae_unclassified,0.0328,0.0328,0.0328,burns,23
Pasteurellaceae_unclassified,0.032,0.032,0.032,burns,24
Fusobacterium,0.0318,0.0318,0.0318,burns,25
Enterobacteriaceae_unclassified,0.0303333333333333,0.0303333333333333,0.0303333333333333,burns,26
Porphyromonadaceae_unclassified,0.03,0.03,0.03,burns,27
Streptococcaceae_unclassified,0.0278,0.0278,0.0278,burns,28
Jonquetella,0.0276,0.0276,0.0276,burns,29
Bacteria_unclassified,0.0273333333333333,0.0273333333333333,0.0273333333333333,burns,30
Alloprevotella,0.0256666666666667,0.0256666666666667,0.0256666666666667,burns,31
Burkholderiaceae_unclassified,0.0256666666666667,0.0256666666666667,0.0256666666666667,burns,32
Fusobacteriaceae_unclassified,0.0246666666666667,0.0246666666666667,0.0246666666666667,burns,33
Dorea,0.0234666666666667,0.0234666666666667,0.0234666666666667,burns,34
Lactobacillus,0.0226666666666667,0.0226666666666667,0.0226666666666667,burns,35
Porphyromonas,0.0221333333333333,0.0221333333333333,0.0221333333333333,burns,36
Alistipes,0.0208,0.0208,0.0208,burns,37
Bifidobacteriaceae_unclassified,0.0202,0.0202,0.0202,burns,38
Kocuria,0.0195333333333333,0.0195333333333333,0.0195333333333333,burns,39
Ralstonia,0.0193333333333333,0.0193333333333333,0.0193333333333333,burns,40
Barnesiella,0.0193333333333333,0.0193333333333333,0.0193333333333333,burns,41
Clostridium_XIX,0.0193333333333333,0.0193333333333333,0.0193333333333333,burns,42
Veillonellaceae_unclassified,0.0186666666666667,0.0186666666666667,0.0186666666666667,burns,43
Catenibacterium,0.0183333333333333,0.0183333333333333,0.0183333333333333,burns,44
Gemella,0.0183333333333333,0.0183333333333333,0.0183333333333333,burns,45
Blautia,0.0178666666666667,0.0178666666666667,0.0178666666666667,burns,46
Bacteroidales_unclassified,0.0176666666666667,0.0176666666666667,0.0176666666666667,burns,47
Firmicutes_unclassified,0.0176666666666667,0.0176666666666667,0.0176666666666667,burns,48
Sutterella,0.0173333333333333,0.0173333333333333,0.0173333333333333,burns,49
Corynebacterium,0.017,0.017,0.017,burns,50
Faecalibacterium,0.017,0.017,0.017,burns,51
Ruminococcus,0.017,0.017,0.017,burns,52
Lachnospiraceae_unclassified,0.0166666666666667,0.0166666666666667,0.0166666666666667,burns,53
Acetobacter,0.0152,0.0152,0.0152,burns,54
Xylanibacter,0.015,0.015,0.015,burns,55
Holdemania,0.0146666666666667,0.0146666666666667,0.0146666666666667,burns,56
Rubrobacter,0.0123333333333333,0.0123333333333333,0.0123333333333333,burns,57
Escherichia.Shigella,0.0122,0.0122,0.0122,burns,58
Burkholderia,0.0122,0.0122,0.0122,burns,59
Phascolarctobacterium,0.0122,0.0122,0.0122,burns,60
Helcococcus,0.012,0.012,0.012,burns,61
Coprococcus,0.0116666666666667,0.0116666666666667,0.0116666666666667,burns,62
Peptoniphilus,0.0116666666666667,0.0116666666666667,0.0116666666666667,burns,63
Catonella,0.0114666666666667,0.0114666666666667,0.0114666666666667,burns,64
Collinsella,0.0113333333333333,0.0113333333333333,0.0113333333333333,burns,65
Desulfovibrio,0.0113333333333333,0.0113333333333333,0.0113333333333333,burns,66
Aggregatibacter,0.0113333333333333,0.0113333333333333,0.0113333333333333,burns,67
Anaerococcus,0.0113333333333333,0.0113333333333333,0.0113333333333333,burns,68
Eggerthella,0.0113333333333333,0.0113333333333333,0.0113333333333333,burns,69
Bifidobacterium,0.011,0.011,0.011,burns,70
Rikenellaceae_unclassified,0.00966666666666667,0.00966666666666667,0.00966666666666667,burns,71
Leuconostocaceae_unclassified,0.00933333333333334,0.00933333333333334,0.00933333333333334,burns,72
Actinobaculum,0.0092,0.0092,0.0092,burns,73
Sphingomonadaceae_unclassified,0.0092,0.0092,0.0092,burns,74
Helicobacter,0.009,0.009,0.009,burns,75
Neisseriaceae_unclassified,0.009,0.009,0.009,burns,76
Xanthomonas,0.00886666666666667,0.00886666666666667,0.00886666666666667,burns,77
Bradyrhizobiaceae_unclassified,0.00866666666666667,0.00866666666666667,0.00866666666666667,burns,78
Burkholderiales_incertae_sedis_unclassified,0.00866666666666667,0.00866666666666667,0.00866666666666667,burns,79
Candidatus_Saccharibacteria_unclassified,0.00866666666666667,0.00866666666666667,0.00866666666666667,burns,80
Sphingomonas,0.00866666666666667,0.00866666666666667,0.00866666666666667,burns,81
Branchiibius,0.00853333333333333,0.00853333333333333,0.00853333333333333,burns,82
Desulfovibrionales_unclassified,0.00853333333333333,0.00853333333333333,0.00853333333333333,burns,83
Helicobacteraceae_unclassified,0.00846666666666667,0.00846666666666667,0.00846666666666667,burns,84
Prevotella,0.00833333333333333,0.00833333333333333,0.00833333333333333,burns,85
Akkermansia,0.00813333333333333,0.00813333333333333,0.00813333333333333,burns,86
Carnobacteriaceae_unclassified,0.00813333333333333,0.00813333333333333,0.00813333333333333,burns,87
Clostridium_XlVa,0.008,0.008,0.008,burns,88
Peptostreptococcus,0.0076,0.0076,0.0076,burns,89
Actinomyces,0.00746666666666667,0.00746666666666667,0.00746666666666667,burns,90
Micrococcaceae_unclassified,0.00726666666666667,0.00726666666666667,0.00726666666666667,burns,91
Parasutterella,0.00666666666666667,0.00666666666666667,0.00666666666666667,burns,92
Anaerostipes,0.00633333333333333,0.00633333333333333,0.00633333333333333,burns,93
Clostridium_IV,0.00633333333333333,0.00633333333333333,0.00633333333333333,burns,94
Desulfovibrionaceae_unclassified,0.00633333333333333,0.00633333333333333,0.00633333333333333,burns,95
Mogibacterium,0.00633333333333333,0.00633333333333333,0.00633333333333333,burns,96
Auritidibacter,0.006,0.006,0.006,burns,97
Clostridiales_Incertae_Sedis_XI_unclassified,0.006,0.006,0.006,burns,98
Clostridia_unclassified,0.006,0.006,0.006,burns,99
Clostridium_XI,0.006,0.006,0.006,burns,100
Haemophilus,0.006,0.006,0.006,burns,101
Mobiluncus,0.006,0.006,0.006,burns,102
Nosocomiicoccus,0.006,0.006,0.006,burns,103
Propionibacteriaceae_unclassified,0.00566666666666667,0.00566666666666667,0.00566666666666667,burns,104
Clostridium_XlVb,0.00533333333333333,0.00533333333333333,0.00533333333333333,burns,105
Cloacibacterium,0.00533333333333333,0.00533333333333333,0.00533333333333333,burns,106
Enterococcaceae_unclassified,0.00533333333333333,0.00533333333333333,0.00533333333333333,burns,107
Peptococcus,0.00533333333333333,0.00533333333333333,0.00533333333333333,burns,108
Synergistaceae_unclassified,0.00533333333333333,0.00533333333333333,0.00533333333333333,burns,109
Finegoldia,0.00513333333333333,0.00513333333333333,0.00513333333333333,burns,110
Niastella,0.00513333333333333,0.00513333333333333,0.00513333333333333,burns,111
Gammaproteobacteria_unclassified,0.00333333333333333,0.00333333333333333,0.00333333333333333,burns,112
Peptostreptococcaceae_unclassified,0.00333333333333333,0.00333333333333333,0.00333333333333333,burns,113
Rhizobiales_unclassified,0.00333333333333333,0.00333333333333333,0.00333333333333333,burns,114
Roseburia,0.00333333333333333,0.00333333333333333,0.00333333333333333,burns,115
Acinetobacter,0.003,0.003,0.003,burns,116
Campylobacter,0.003,0.003,0.003,burns,117
Lactococcus,0.003,0.003,0.003,burns,118
Ruminococcus,0.003,0.003,0.003,burns,119
Sporobacter,0.003,0.003,0.003,burns,120
Veillonella,0.00266666666666667,0.00266666666666667,0.00266666666666667,burns,121
Odoribacter,0.00213333333333333,0.00213333333333333,0.00213333333333333,burns,122
Selenomonadales_unclassified,0.00213333333333333,0.00213333333333333,0.00213333333333333,burns,123
Treponema,0.00213333333333333,0.00213333333333333,0.00213333333333333,burns,124
Leuconostoc,0.002,0.002,0.002,burns,125
Actinomycetaceae_unclassified,0,0,0,burns,126
Arthrobacter,0,0,0,burns,127
Clostridiaceae_1_unclassified,0,0,0,burns,128
Dermacoccaceae_unclassified,0,0,0,burns,129
Kineosporiaceae_unclassified,0,0,0,burns,130
Lactobacillaceae_unclassified,0,0,0,burns,131
Oscillibacter,0,0,0,burns,132
Turicella,0,0,0,burns,133
Fusobacteriaceae_unclassified,0.53208514742911,0.53208514742911,0.53208514742911,dejea,1
Clostridium_XlVa,0.474886926803921,0.474886926803921,0.474886926803921,dejea,2
Bacteroidetes_unclassified,0.447886685210215,0.447886685210215,0.447886685210215,dejea,3
Fusobacterium,0.430772228416952,0.430772228416952,0.430772228416952,dejea,4
Phenylobacterium,0.375149855430162,0.375149855430162,0.375149855430162,dejea,5
Bacteroidales_unclassified,0.37061438149129,0.37061438149129,0.37061438149129,dejea,6
Peptostreptococcus,0.338362211008805,0.338362211008805,0.338362211008805,dejea,7
Bacteria_unclassified,0.301495580211356,0.301495580211356,0.301495580211356,dejea,8
Flavonifractor,0.298403502878271,0.298403502878271,0.298403502878271,dejea,9
Parabacteroides,0.290076366521709,0.290076366521709,0.290076366521709,dejea,10
Clostridium_XlVb,0.280264566827408,0.280264566827408,0.280264566827408,dejea,11
Enterobacteriaceae_unclassified,0.267059889044564,0.267059889044564,0.267059889044564,dejea,12
Porphyromonadaceae_unclassified,0.258191687775589,0.258191687775589,0.258191687775589,dejea,13
Ruminococcus,0.25104317648296,0.25104317648296,0.25104317648296,dejea,14
Gemella,0.209871901129486,0.209871901129486,0.209871901129486,dejea,15
Burkholderiaceae_unclassified,0.207401898720475,0.207401898720475,0.207401898720475,dejea,16
Rikenellaceae_unclassified,0.205766372606768,0.205766372606768,0.205766372606768,dejea,17
Subdoligranulum,0.204330971136221,0.204330971136221,0.204330971136221,dejea,18
Lactobacillales_unclassified,0.19868991008991,0.19868991008991,0.19868991008991,dejea,19
Roseburia,0.197313385341868,0.197313385341868,0.197313385341868,dejea,20
Dorea,0.195687983722504,0.195687983722504,0.195687983722504,dejea,21
Weissella,0.173172857066208,0.173172857066208,0.173172857066208,dejea,22
Blautia,0.173113871216503,0.173113871216503,0.173113871216503,dejea,23
Oscillibacter,0.172386811365449,0.172386811365449,0.172386811365449,dejea,24
Proteobacteria_unclassified,0.165476022713471,0.165476022713471,0.165476022713471,dejea,25
Dialister,0.154456924723024,0.154456924723024,0.154456924723024,dejea,26
Leuconostoc,0.151882339006023,0.151882339006023,0.151882339006023,dejea,27
Clostridiales_unclassified,0.149327241042411,0.149327241042411,0.149327241042411,dejea,28
Lactococcus,0.146517964767319,0.146517964767319,0.146517964767319,dejea,29
Streptococcus,0.137274603758814,0.137274603758814,0.137274603758814,dejea,30
Anaerostipes,0.136943262781101,0.136943262781101,0.136943262781101,dejea,31
Clostridia_unclassified,0.130832930880609,0.130832930880609,0.130832930880609,dejea,32
Ruminococcaceae_unclassified,0.130140258348463,0.130140258348463,0.130140258348463,dejea,33
Lachnospiraceae_unclassified,0.127545743936146,0.127545743936146,0.127545743936146,dejea,34
Veillonellaceae_unclassified,0.124433533150716,0.124433533150716,0.124433533150716,dejea,35
Leptotrichia,0.120122084932611,0.120122084932611,0.120122084932611,dejea,36
Flavobacteriaceae_unclassified,0.119348577892696,0.119348577892696,0.119348577892696,dejea,37
Betaproteobacteria_unclassified,0.116610382977875,0.116610382977875,0.116610382977875,dejea,38
Firmicutes_unclassified,0.114478723237547,0.114478723237547,0.114478723237547,dejea,39
Bacteroides,0.111623215673216,0.111623215673216,0.111623215673216,dejea,40
Clostridium_IV,0.107954449626741,0.107954449626741,0.107954449626741,dejea,41
Clostridium_XI,0.107544625790446,0.107544625790446,0.107544625790446,dejea,42
Parvimonas,0.106641195062248,0.106641195062248,0.106641195062248,dejea,43
Clostridiales_Incertae_Sedis_XI_unclassified,0.105863636088714,0.105863636088714,0.105863636088714,dejea,44
Enhydrobacter,0.104139899952129,0.104139899952129,0.104139899952129,dejea,45
Alistipes,0.0965859574549977,0.0965859574549977,0.0965859574549977,dejea,46
Comamonadaceae_unclassified,0.088665685028392,0.088665685028392,0.088665685028392,dejea,47
Holdemania,0.0876244660224536,0.0876244660224536,0.0876244660224536,dejea,48
Clostridium_XVIII,0.0857726763604473,0.0857726763604473,0.0857726763604473,dejea,49
Ethanoligenens,0.0841442067736185,0.0841442067736185,0.0841442067736185,dejea,50
Prevotellaceae_unclassified,0.0836899871489991,0.0836899871489991,0.0836899871489991,dejea,51
Odoribacter,0.0825644021441235,0.0825644021441235,0.0825644021441235,dejea,52
Erysipelotrichaceae_unclassified,0.0811940004440004,0.0811940004440004,0.0811940004440004,dejea,53
Pasteurellaceae_unclassified,0.0807524101629365,0.0807524101629365,0.0807524101629365,dejea,54
Eggerthella,0.0769677351663756,0.0769677351663756,0.0769677351663756,dejea,55
Prevotella,0.0737785997971756,0.0737785997971756,0.0737785997971756,dejea,56
Butyricimonas,0.0731042648270202,0.0731042648270202,0.0731042648270202,dejea,57
Aeromonas,0.0729248897555534,0.0729248897555534,0.0729248897555534,dejea,58
Coriobacteriaceae_unclassified,0.0717809293046135,0.0717809293046135,0.0717809293046135,dejea,59
Actinomycetales_unclassified,0.071323045856792,0.071323045856792,0.071323045856792,dejea,60
Acidovorax,0.0709800129694867,0.0709800129694867,0.0709800129694867,dejea,61
Anaerofilum,0.0696813771278302,0.0696813771278302,0.0696813771278302,dejea,62
Selenomonadales_unclassified,0.0654355335411063,0.0654355335411063,0.0654355335411063,dejea,63
Sphingomonadaceae_unclassified,0.0629705835100572,0.0629705835100572,0.0629705835100572,dejea,64
Pyramidobacter,0.0627276873707349,0.0627276873707349,0.0627276873707349,dejea,65
Gammaproteobacteria_unclassified,0.0592444055944056,0.0592444055944056,0.0592444055944056,dejea,66
Burkholderiales_unclassified,0.0583684674974149,0.0583684674974149,0.0583684674974149,dejea,67
Chryseobacterium,0.0564365717186151,0.0564365717186151,0.0564365717186151,dejea,68
Acinetobacter,0.054883851442675,0.054883851442675,0.054883851442675,dejea,69
Sphingomonadales_unclassified,0.0545455988455988,0.0545455988455988,0.0545455988455988,dejea,70
Parasutterella,0.0529514857691328,0.0529514857691328,0.0529514857691328,dejea,71
Peptostreptococcaceae_unclassified,0.0482674501109486,0.0482674501109486,0.0482674501109486,dejea,72
Neisseriaceae_unclassified,0.0482144688644689,0.0482144688644689,0.0482144688644689,dejea,73
Alphaproteobacteria_unclassified,0.0473110334364339,0.0473110334364339,0.0473110334364339,dejea,74
Sutterella,0.0469021815473828,0.0469021815473828,0.0469021815473828,dejea,75
Sporobacter,0.0425064935064935,0.0425064935064935,0.0425064935064935,dejea,76
Actinomyces,0.0424206682206682,0.0424206682206682,0.0424206682206682,dejea,77
Microvirgula,0.0420196395967294,0.0420196395967294,0.0420196395967294,dejea,78
Methylobacterium,0.0402056133409075,0.0402056133409075,0.0402056133409075,dejea,79
Bacilli_unclassified,0.0400385460518453,0.0400385460518453,0.0400385460518453,dejea,80
Sphingomonas,0.0391619923935713,0.0391619923935713,0.0391619923935713,dejea,81
Bradyrhizobiaceae_unclassified,0.037718645226089,0.037718645226089,0.037718645226089,dejea,82
Peptoniphilus,0.0317534530828648,0.0317534530828648,0.0317534530828648,dejea,83
Propionibacterium,0.0293066149536738,0.0293066149536738,0.0293066149536738,dejea,84
Porphyromonas,0.0279064935064935,0.0279064935064935,0.0279064935064935,dejea,85
Enterococcaceae_unclassified,0.0261510176098411,0.0261510176098411,0.0261510176098411,dejea,86
Synergistaceae_unclassified,0.0259141564318035,0.0259141564318035,0.0259141564318035,dejea,87
Alcaligenaceae_unclassified,0.0251895604395604,0.0251895604395604,0.0251895604395604,dejea,88
Anaerovorax,0.0250418856505813,0.0250418856505813,0.0250418856505813,dejea,89
Delftia,0.0240014555619819,0.0240014555619819,0.0240014555619819,dejea,90
Xanthomonas,0.0239114219114219,0.0239114219114219,0.0239114219114219,dejea,91
Pseudomonadaceae_unclassified,0.0227955486542443,0.0227955486542443,0.0227955486542443,dejea,92
Roseateles,0.0223303363303363,0.0223303363303363,0.0223303363303363,dejea,93
Xanthomonadaceae_unclassified,0.0209364801864802,0.0209364801864802,0.0209364801864802,dejea,94
Rhizobiaceae_unclassified,0.0200401337792642,0.0200401337792642,0.0200401337792642,dejea,95
Bilophila,0.0197901805796543,0.0197901805796543,0.0197901805796543,dejea,96
Clostridium_sensu_stricto,0.0185030303030303,0.0185030303030303,0.0185030303030303,dejea,97
Anaerococcus,0.0182954545454545,0.0182954545454545,0.0182954545454545,dejea,98
Afipia,0.0173666792399058,0.0173666792399058,0.0173666792399058,dejea,99
Brevundimonas,0.0170142857142857,0.0170142857142857,0.0170142857142857,dejea,100
Lactobacillus,0.0168434065934066,0.0168434065934066,0.0168434065934066,dejea,101
Barnesiella,0.0161083220872695,0.0161083220872695,0.0161083220872695,dejea,102
Lachnoanaerobaculum,0.0156324786324786,0.0156324786324786,0.0156324786324786,dejea,103
Megamonas,0.0154801864801865,0.0154801864801865,0.0154801864801865,dejea,104
Campylobacter,0.0128030303030303,0.0128030303030303,0.0128030303030303,dejea,105
Mogibacterium,0.010235005574136,0.010235005574136,0.010235005574136,dejea,106
Fusobacteriales_unclassified,0.00973333333333333,0.00973333333333333,0.00973333333333333,dejea,107
Finegoldia,0.00942857142857143,0.00942857142857143,0.00942857142857143,dejea,108
Bacillaceae_1_unclassified,0.00936904761904762,0.00936904761904762,0.00936904761904762,dejea,109
Oxalobacteraceae_unclassified,0.00920911905432029,0.00920911905432029,0.00920911905432029,dejea,110
Nitratireductor,0.00819047619047619,0.00819047619047619,0.00819047619047619,dejea,111
Veillonella,0.00712087912087912,0.00712087912087912,0.00712087912087912,dejea,112
Clostridiaceae_1_unclassified,0.007,0.007,0.007,dejea,113
Alloprevotella,0.00691190476190476,0.00691190476190476,0.00691190476190476,dejea,114
Mobiluncus,0.00617142857142857,0.00617142857142857,0.00617142857142857,dejea,115
Aquaspirillum,0.0061025641025641,0.0061025641025641,0.0061025641025641,dejea,116
Bacillales_unclassified,0.00569230769230769,0.00569230769230769,0.00569230769230769,dejea,117
Paraprevotella,0.00541052631578948,0.00541052631578948,0.00541052631578948,dejea,118
Rhizobiales_unclassified,0.00513333333333333,0.00513333333333333,0.00513333333333333,dejea,119
Howardella,0.00496410256410256,0.00496410256410256,0.00496410256410256,dejea,120
Actinobacteria_unclassified,0.0048,0.0048,0.0048,dejea,121
Vogesella,0.00371428571428572,0.00371428571428572,0.00371428571428572,dejea,122
Bradyrhizobium,0.00366666666666667,0.00366666666666667,0.00366666666666667,dejea,123
Tepidimonas,0.0036,0.0036,0.0036,dejea,124
Moryella,0.00333333333333333,0.00333333333333333,0.00333333333333333,dejea,125
Chitinophagaceae_unclassified,0.003,0.003,0.003,dejea,126
Bordetella,0.00266666666666667,0.00266666666666667,0.00266666666666667,dejea,127
Aquabacterium,0,0,0,dejea,128
Coprococcus,0,0,0,dejea,129
Herbaspirillum,0,0,0,dejea,130
Mitsuokella,0,0,0,dejea,131
Ochrobactrum,0,0,0,dejea,132
Lactobacillus,0.507553108003108,0.507553108003108,0.507553108003108,geng,1
Peptoniphilus,0.321685902985903,0.321685902985903,0.321685902985903,geng,2
Dialister,0.280985109335109,0.280985109335109,0.280985109335109,geng,3
Veillonella,0.226416594516594,0.226416594516594,0.226416594516594,geng,4
Microbacterium,0.220077034077034,0.220077034077034,0.220077034077034,geng,5
Blautia,0.214164463314463,0.214164463314463,0.214164463314463,geng,6
Brevundimonas,0.198958935508935,0.198958935508935,0.198958935508935,geng,7
Alistipes,0.189158596958597,0.189158596958597,0.189158596958597,geng,8
Dorea,0.188985164835165,0.188985164835165,0.188985164835165,geng,9
Variovorax,0.175013974913975,0.175013974913975,0.175013974913975,geng,10
Thermus,0.168811832611833,0.168811832611833,0.168811832611833,geng,11
Roseburia,0.159453257853258,0.159453257853258,0.159453257853258,geng,12
Methylobacterium,0.15662481962482,0.15662481962482,0.15662481962482,geng,13
Streptococcus,0.136344771894772,0.136344771894772,0.136344771894772,geng,14
Oscillibacter,0.131425036075036,0.131425036075036,0.131425036075036,geng,15
Actinomyces,0.127464019314019,0.127464019314019,0.127464019314019,geng,16
Legionella,0.12115074925074901,0.12115074925074901,0.12115074925074901,geng,17
Prevotella,0.105985042735043,0.105985042735043,0.105985042735043,geng,18
Porphyromonas,0.104949983349983,0.104949983349983,0.104949983349983,geng,19
Victivallis,0.104787218337218,0.104787218337218,0.104787218337218,geng,20
Sphingomonas,0.101065545565546,0.101065545565546,0.101065545565546,geng,21
Bradyrhizobium,0.0989273448773449,0.0989273448773449,0.0989273448773449,geng,22
Ruminococcus,0.0920332334332334,0.0920332334332334,0.0920332334332334,geng,23
Bacteroides,0.0902530969030969,0.0902530969030969,0.0902530969030969,geng,24
Phascolarctobacterium,0.0893591630591631,0.0893591630591631,0.0893591630591631,geng,25
Odoribacter,0.0839102952602953,0.0839102952602953,0.0839102952602953,geng,26
Clostridium_XlVb,0.0838963869463869,0.0838963869463869,0.0838963869463869,geng,27
Parabacteroides,0.0817462925962926,0.0817462925962926,0.0817462925962926,geng,28
Faecalibacterium,0.0813232323232323,0.0813232323232323,0.0813232323232323,geng,29
Ralstonia,0.0769197802197802,0.0769197802197802,0.0769197802197802,geng,30
Enhydrobacter,0.0757484570984571,0.0757484570984571,0.0757484570984571,geng,31
Clostridium_sensu_stricto,0.0707512654012654,0.0707512654012654,0.0707512654012654,geng,32
NA.,0.0680792929292929,0.0680792929292929,0.0680792929292929,geng,33
Anoxybacillus,0.0673677211677212,0.0673677211677212,0.0673677211677212,geng,34
Fusobacterium,0.0668837995337995,0.0668837995337995,0.0668837995337995,geng,35
Anaerovorax,0.0668226773226773,0.0668226773226773,0.0668226773226773,geng,36
Coprococcus,0.0641202131202131,0.0641202131202131,0.0641202131202131,geng,37
Propionibacterium,0.0640733044733045,0.0640733044733045,0.0640733044733045,geng,38
Tepidimonas,0.0638102564102564,0.0638102564102564,0.0638102564102564,geng,39
Staphylococcus,0.063513431013431,0.063513431013431,0.063513431013431,geng,40
Herbaspirillum,0.0622545454545455,0.0622545454545455,0.0622545454545455,geng,41
Escherichia.Shigella,0.0585503496503496,0.0585503496503496,0.0585503496503496,geng,42
Brachybacterium,0.0572558441558442,0.0572558441558442,0.0572558441558442,geng,43
Janibacter,0.0566293151293151,0.0566293151293151,0.0566293151293151,geng,44
Clostridium_IV,0.0565183594183594,0.0565183594183594,0.0565183594183594,geng,45
Enterococcus,0.0562333333333333,0.0562333333333333,0.0562333333333333,geng,46
Megamonas,0.0520128038628039,0.0520128038628039,0.0520128038628039,geng,47
Deinococcus,0.0503617216117216,0.0503617216117216,0.0503617216117216,geng,48
Corynebacterium,0.0501122766122766,0.0501122766122766,0.0501122766122766,geng,49
Clostridium_XlVa,0.0495176767676768,0.0495176767676768,0.0495176767676768,geng,50
Aeromonas,0.0484697691197691,0.0484697691197691,0.0484697691197691,geng,51
Parasutterella,0.0470484848484848,0.0470484848484848,0.0470484848484848,geng,52
Ruminococcus,0.0447433066933067,0.0447433066933067,0.0447433066933067,geng,53
Citrobacter,0.0447105672105672,0.0447105672105672,0.0447105672105672,geng,54
Campylobacter,0.0408511599511599,0.0408511599511599,0.0408511599511599,geng,55
Granulicatella,0.0404700577200577,0.0404700577200577,0.0404700577200577,geng,56
Clostridium_XIX,0.0401436507936508,0.0401436507936508,0.0401436507936508,geng,57
Eggerthella,0.0387746031746032,0.0387746031746032,0.0387746031746032,geng,58
Haemophilus,0.0384494949494949,0.0384494949494949,0.0384494949494949,geng,59
Micrococcus,0.0381129537129537,0.0381129537129537,0.0381129537129537,geng,60
Collinsella,0.0372641358641359,0.0372641358641359,0.0372641358641359,geng,61
Barnesiella,0.0368081196581197,0.0368081196581197,0.0368081196581197,geng,62
Pyramidobacter,0.0348322344322344,0.0348322344322344,0.0348322344322344,geng,63
Rothia,0.0319744644244644,0.0319744644244644,0.0319744644244644,geng,64
Subdoligranulum,0.0296833333333333,0.0296833333333333,0.0296833333333333,geng,65
Paraprevotella,0.0296613997113997,0.0296613997113997,0.0296613997113997,geng,66
Butyricicoccus,0.0294435064935065,0.0294435064935065,0.0294435064935065,geng,67
Clostridium_XVIII,0.0282176434676435,0.0282176434676435,0.0282176434676435,geng,68
Aerococcus,0.0281242424242424,0.0281242424242424,0.0281242424242424,geng,69
Butyricimonas,0.0276117715617716,0.0276117715617716,0.0276117715617716,geng,70
Chryseobacterium,0.0275093795093795,0.0275093795093795,0.0275093795093795,geng,71
Meiothermus,0.0260951936951937,0.0260951936951937,0.0260951936951937,geng,72
Parvimonas,0.0259362193362193,0.0259362193362193,0.0259362193362193,geng,73
Eikenella,0.0253989898989899,0.0253989898989899,0.0253989898989899,geng,74
Leucobacter,0.0249672105672106,0.0249672105672106,0.0249672105672106,geng,75
Sutterella,0.0237328671328671,0.0237328671328671,0.0237328671328671,geng,76
Pelomonas,0.0229010101010101,0.0229010101010101,0.0229010101010101,geng,77
Peptostreptococcus,0.0224794261294261,0.0224794261294261,0.0224794261294261,geng,78
Massilia,0.0221824841824842,0.0221824841824842,0.0221824841824842,geng,79
Spirosoma,0.0221411255411255,0.0221411255411255,0.0221411255411255,geng,80
Paracoccus,0.021113986013986,0.021113986013986,0.021113986013986,geng,81
Cloacibacillus,0.0199873626373626,0.0199873626373626,0.0199873626373626,geng,82
Alloprevotella,0.0198171717171717,0.0198171717171717,0.0198171717171717,geng,83
Bacillus,0.0197253968253968,0.0197253968253968,0.0197253968253968,geng,84
Hydrotalea,0.0194047619047619,0.0194047619047619,0.0194047619047619,geng,85
Gemella,0.0190575757575758,0.0190575757575758,0.0190575757575758,geng,86
Rhizobium,0.0179262237762238,0.0179262237762238,0.0179262237762238,geng,87
Dietzia,0.0173393939393939,0.0173393939393939,0.0173393939393939,geng,88
Anaeroplasma,0.016589010989011,0.016589010989011,0.016589010989011,geng,89
Sarcina,0.0162997835497835,0.0162997835497835,0.0162997835497835,geng,90
Anaerococcus,0.0161460317460317,0.0161460317460317,0.0161460317460317,geng,91
Pseudochrobactrum,0.0157311577311577,0.0157311577311577,0.0157311577311577,geng,92
Dermabacter,0.0153073593073593,0.0153073593073593,0.0153073593073593,geng,93
Acinetobacter,0.0152928571428571,0.0152928571428571,0.0152928571428571,geng,94
Kocuria,0.0139047619047619,0.0139047619047619,0.0139047619047619,geng,95
Tessaracoccus,0.0132222222222222,0.0132222222222222,0.0132222222222222,geng,96
Flavonifractor,0.0132073593073593,0.0132073593073593,0.0132073593073593,geng,97
Acidovorax,0.0129358974358974,0.0129358974358974,0.0129358974358974,geng,98
Exiguobacterium,0.0128901098901099,0.0128901098901099,0.0128901098901099,geng,99
Solobacterium,0.0126676767676768,0.0126676767676768,0.0126676767676768,geng,100
Mobiluncus,0.0125777056277056,0.0125777056277056,0.0125777056277056,geng,101
Bilophila,0.0125111111111111,0.0125111111111111,0.0125111111111111,geng,102
Megasphaera,0.0112261904761905,0.0112261904761905,0.0112261904761905,geng,103
Pseudomonas,0.011,0.011,0.011,geng,104
Brevibacterium,0.0101006493506494,0.0101006493506494,0.0101006493506494,geng,105
Leptotrichia,0.0100888888888889,0.0100888888888889,0.0100888888888889,geng,106
Stenotrophomonas,0.00988744588744589,0.00988744588744589,0.00988744588744589,geng,107
Gordonia,0.00972222222222222,0.00972222222222222,0.00972222222222222,geng,108
Terrabacter,0.00965079365079365,0.00965079365079365,0.00965079365079365,geng,109
Kurthia,0.0094,0.0094,0.0094,geng,110
Devosia,0.009,0.009,0.009,geng,111
Diaphorobacter,0.009,0.009,0.009,geng,112
Sporosarcina,0.00885454545454545,0.00885454545454545,0.00885454545454545,geng,113
Pseudorhodoferax,0.00831601731601732,0.00831601731601732,0.00831601731601732,geng,114
Schlegelella,0.00830944055944056,0.00830944055944056,0.00830944055944056,geng,115
Neisseria,0.00797535797535797,0.00797535797535797,0.00797535797535797,geng,116
Luteococcus,0.00769230769230769,0.00769230769230769,0.00769230769230769,geng,117
Aggregatibacter,0.00722222222222222,0.00722222222222222,0.00722222222222222,geng,118
Alkalibacterium,0.00712698412698413,0.00712698412698413,0.00712698412698413,geng,119
Paenibacillus,0.00696969696969697,0.00696969696969697,0.00696969696969697,geng,120
Lactococcus,0.0066,0.0066,0.0066,geng,121
Leuconostoc,0.00655555555555556,0.00655555555555556,0.00655555555555556,geng,122
Pedobacter,0.00654545454545455,0.00654545454545455,0.00654545454545455,geng,123
Haematobacter,0.00642857142857143,0.00642857142857143,0.00642857142857143,geng,124
Clostridium_XI,0.00633333333333334,0.00633333333333334,0.00633333333333334,geng,125
Atopobium,0.00626666666666667,0.00626666666666667,0.00626666666666667,geng,126
Sneathia,0.0059047619047619,0.0059047619047619,0.0059047619047619,geng,127
Riemerella,0.00587474747474747,0.00587474747474747,0.00587474747474747,geng,128
Afipia,0.00432142857142857,0.00432142857142857,0.00432142857142857,geng,129
Plantibacter,0.00363636363636364,0.00363636363636364,0.00363636363636364,geng,130
Blastococcus,0.0036,0.0036,0.0036,geng,131
Microvirga,0.00355555555555556,0.00355555555555556,0.00355555555555556,geng,132
Ureaplasma,0.00355555555555556,0.00355555555555556,0.00355555555555556,geng,133
Treponema,0.00333333333333333,0.00333333333333333,0.00333333333333333,geng,134
Asticcacaulis,0.0032,0.0032,0.0032,geng,135
Lachnoanaerobaculum,0.00272222222222222,0.00272222222222222,0.00272222222222222,geng,136
Finegoldia,0.00266666666666667,0.00266666666666667,0.00266666666666667,geng,137
Aeromicrobium,0,0,0,geng,138
Anaerostipes,0,0,0,geng,139
Arthrobacter,0,0,0,geng,140
Atopococcus,0,0,0,geng,141
Atopostipes,0,0,0,geng,142
Capnocytophaga,0,0,0,geng,143
Citricoccus,0,0,0,geng,144
Cloacibacterium,0,0,0,geng,145
Comamonas,0,0,0,geng,146
Desulfotomaculum,0,0,0,geng,147
Eubacterium,0,0,0,geng,148
Mogibacterium,0,0,0,geng,149
Oribacterium,0,0,0,geng,150
Phenylobacterium,0,0,0,geng,151
Rikenella,0,0,0,geng,152
Xanthobacter,0,0,0,geng,153
