"est","lower","upper","pvalue","measure","study"
3.29268292682927,0.693588485048647,15.4141955558921,0.14686660532489,"Acidaminococcus","wang"
1.05,0.340954801054625,3.24003679984261,0.934725542962503,"Actinobacteria_unclassified","wang"
1.07692307692308,0.371310168953728,3.12968536055584,0.894825694888305,"Actinomycetales_unclassified","wang"
2.11764705882353,0.79726841183072,5.60790139681752,0.135240167124353,"Akkermansia","wang"
0.448051948051948,0.203150436184167,0.988186645935398,0.0466040199441013,"Alistipes","wang"
Inf,0.977893086354734,Inf,0.0524033172013488,"Alloprevotella","wang"
Inf,0.315703678088279,Inf,0.267515061069398,"Alphaproteobacteria_unclassified","wang"
Inf,2.51907925506577,Inf,0.00248764727236328,"Anaerococcus","wang"
1.95,0.548869430135177,6.88645501555311,0.318673501712426,"Anaerotruncus","wang"
Inf,0.315703678088279,Inf,0.267515061069398,"Bacilli_unclassified","wang"
0.853448275862069,0.392805677924153,1.85428572066767,0.690647694845843,"Bacteria_unclassified","wang"
0.902222222222222,0.41483939646248,1.962217053667,0.796437216383424,"Bacteroidales_unclassified","wang"
0.32,0.142646148622026,0.717860250621504,0.00533902499048566,"Bacteroides","wang"
1.81212121212121,0.72007611584568,4.555772247469,0.210905916352695,"Bacteroidetes_unclassified","wang"
0.174418604651163,0.0507401557791567,0.608010254643215,0.00442496501972089,"Barnesiella","wang"
0.498891352549889,0.16676378140099,1.50446759567463,0.225380181486819,"Betaproteobacteria_unclassified","wang"
2.5,0.314418427940563,19.6213560318186,0.446020319037988,"Bifidobacteriaceae_unclassified","wang"
1.612,0.738235969059398,3.51993686153069,0.232505843737188,"Bifidobacterium","wang"
0.853448275862069,0.392805677924153,1.85428572066767,0.690647694845843,"Bilophila","wang"
2.23188405797101,1.01195457772395,4.922460511448,0.0466040199441013,"Blautia","wang"
0.490598290598291,0.185258968308341,1.30569940896978,0.157517106269068,"Burkholderiales_unclassified","wang"
0.253456221198157,0.108446577637925,0.593551238021944,0.00132370618590172,"Butyricimonas","wang"
2.5,0.314418427940563,19.6213560318186,0.446020319037988,"Campylobacter","wang"
0.906976744186047,0.214750992237325,3.84970553221699,0.901740586394477,"Cloacibacillus","wang"
2.02702702702703,0.685747490730601,5.9678588338941,0.209150459325492,"Clostridia_unclassified","wang"
0.586206896551724,0.266056816477801,1.29159827631583,0.186785480478184,"Clostridiaceae_1_unclassified","wang"
1,0.460257157971735,2.17269842017625,1,"Clostridiales_unclassified","wang"
1.60049627791563,0.674615634210346,3.7971078725743,0.290097670081001,"Clostridium_IV","wang"
1.88571428571429,0.702185758501098,5.05395778993983,0.213981892926468,"Clostridium_sensu_stricto","wang"
0.853448275862069,0.392805677924153,1.85428572066767,0.690647694845843,"Clostridium_XI","wang"
0.448051948051948,0.203150436184167,0.988186645935398,0.0466040199441013,"Clostridium_XlVa","wang"
0.696356275303644,0.266396007292471,1.82573402096207,0.469242068193737,"Clostridium_XlVb","wang"
0.853448275862069,0.392805677924153,1.85428572066767,0.690647694845843,"Collinsella","wang"
0.390218522372529,0.174469768408133,0.872761490955822,0.0215913714286026,"Coriobacteriaceae_unclassified","wang"
1.24390243902439,0.358623389125908,4.3145353167905,0.742894871490291,"Deltaproteobacteria_unclassified","wang"
1.25641025641026,0.421239863614784,3.7474295971581,0.691482485609905,"Desulfovibrio","wang"
2.57142857142857,0.519911293219679,12.5663962326453,0.273764381222392,"Desulfovibrionales_unclassified","wang"
1.33333333333333,0.580851381565397,3.06064138641911,0.501136489723713,"Dialister","wang"
1.17171717171717,0.539291215401224,2.54578804788328,0.690647694845843,"Dorea","wang"
3.25396825396825,1.42893416964428,7.40253252450409,0.00455393054191955,"Enterobacteriaceae_unclassified","wang"
0.379310344827586,0.170612739594145,0.843291878645618,0.0169469121884909,"Erysipelotrichaceae_unclassified","wang"
3.72,1.64176970369984,8.42895320142296,0.00145350395747013,"Escherichia.Shigella","wang"
Inf,0.639665082615408,Inf,0.115047574795253,"Eubacterium","wang"
1.37362637362637,0.630958822236998,2.9904477880701,0.426059648110092,"Faecalibacterium","wang"
1.89473684210526,0.863393304519087,4.15804440692378,0.111406054641383,"Firmicutes_unclassified","wang"
2.63636363636364,1.18582904131137,5.8612270243055,0.0169469121884909,"Flavonifractor","wang"
1.612,0.738235969059398,3.51993686153069,0.232505843737188,"Fusobacterium","wang"
1.58536585365854,0.430034268345169,5.82711652290561,0.50906682862467,"Howardella","wang"
0.620347394540943,0.284096004939457,1.35458043486302,0.232505843737188,"Lachnospiraceae_unclassified","wang"
1.22222222222222,0.124115373464554,12.0357947512478,0.888102322262479,"Lactobacillaceae_unclassified","wang"
2.73684210526316,0.809010150706848,9.18486748228644,0.109926372044805,"Lactobacillales_unclassified","wang"
2.62987012987013,1.09528491388296,6.30822857579236,0.0299271590658832,"Lactobacillus","wang"
2.73684210526316,0.809010150706848,9.18486748228644,0.109926372044805,"Lactococcus","wang"
1.81212121212121,0.72007611584568,4.555772247469,0.210905916352695,"Megamonas","wang"
1.25641025641026,0.421239863614784,3.7474295971581,0.691482485609905,"Megasphaera","wang"
0.496551724137931,0.22401829940303,1.10174114800801,0.0852675708610587,"Odoribacter","wang"
0.728,0.334398080444453,1.58488948051254,0.426059648110092,"Oscillibacter","wang"
0.620347394540943,0.284096004939457,1.35458043486302,0.232505843737188,"Parabacteroides","wang"
0.694444444444444,0.284064470004258,1.7027870219506,0.430781463280507,"Paraprevotella","wang"
0.379084967320261,0.164979041207777,0.872795513444432,0.0221242044845424,"Parasutterella","wang"
19.4117647058824,3.0509302548486,120.340480957913,0.000250118192133497,"Parvimonas","wang"
0,0,2.33644602050387,0.19549489782039,"Pasteurellaceae_unclassified","wang"
1.01626016260163,0.30585988738159,3.38679968955827,0.979929214888499,"Peptostreptococcaceae_unclassified","wang"
29.4545454545455,7.01610076302793,120.964832372442,2.08839225912527e-08,"Peptostreptococcus","wang"
0.379310344827586,0.170612739594145,0.843291878645618,0.0169469121884909,"Phascolarctobacterium","wang"
0.851973684210526,0.372267140183087,1.95178391890431,0.707431205845928,"Porphyromonadaceae_unclassified","wang"
3.0625,1.13810955171635,8.20789546377538,0.0258115462290706,"Porphyromonas","wang"
1.37362637362637,0.630958822236998,2.9904477880701,0.426059648110092,"Prevotella","wang"
0.831649831649832,0.358337237860715,1.93400334597372,0.671458086559728,"Prevotellaceae_unclassified","wang"
2.57142857142857,0.519911293219679,12.5663962326453,0.273764381222392,"Proteobacteria_unclassified","wang"
2.15447154471545,0.532531279010308,8.64696663806082,0.302821459861638,"Pseudoflavonifractor","wang"
0.379310344827586,0.170612739594145,0.843291878645618,0.0169469121884909,"Roseburia","wang"
0.620347394540943,0.284096004939457,1.35458043486302,0.232505843737188,"Ruminococcaceae_unclassified","wang"
0.728,0.334398080444453,1.58488948051254,0.426059648110092,"Ruminococcus","wang"
3.83720930232558,0.523814872701284,27.5531719482417,0.220141859910472,"Ruminococcus2","wang"
1.7027027027027,0.597729072834743,4.840665977796,0.32890909523132,"Selenomonadales_unclassified","wang"
1.25,0.39233665935291,3.98254907552375,0.71638008646454,"Slackia","wang"
2.63636363636364,1.18582904131137,5.8612270243055,0.0169469121884909,"Streptococcus","wang"
0.61203007518797,0.258489348608319,1.45346677344029,0.269316469731748,"Sutterella","wang"
1.22727272727273,0.207489440920206,7.25915661263297,0.840692037709947,"Synergistaceae_unclassified","wang"
1.76410256410256,0.748048970073928,4.16023279380452,0.197470242873102,"Turicibacter","wang"
1.44571428571429,0.561983972532121,3.71912705357252,0.45165345876257,"Veillonella","wang"
1.58536585365854,0.430034268345169,5.82711652290561,0.50906682862467,"Veillonellaceae_unclassified","wang"
Inf,0.133251092065467,Inf,0.427879807918249,"Acidaminococcus","weir"
Inf,0.133251092065467,Inf,0.427879807918249,"Actinobacteria_unclassified","weir"
Inf,0.291586723470984,Inf,0.237255826623495,"Actinomycetales_unclassified","weir"
4,0.329290440729643,41.9499521538374,0.303052329490083,"Akkermansia","weir"
4,0.329290440729643,41.9499521538374,0.303052329490083,"Alistipes","weir"
NA,NA,NA,NA,"Alloprevotella","weir"
Inf,0.133251092065467,Inf,0.427879807918249,"Alphaproteobacteria_unclassified","weir"
Inf,0.133251092065467,Inf,0.427879807918249,"Anaerococcus","weir"
0.5,0.0368020879343944,6.57268763661365,0.65761917660119,"Anaerotruncus","weir"
Inf,0.291586723470984,Inf,0.237255826623495,"Bacilli_unclassified","weir"
0.75,0.0751785004602383,7.31946204978942,0.818970848901759,"Bacteria_unclassified","weir"
0.75,0.0751785004602383,7.31946204978942,0.818970848901759,"Bacteroidales_unclassified","weir"
0.133333333333333,0.0113444233596051,1.74397934910942,0.136843866042929,"Bacteroides","weir"
0.75,0.0751785004602383,7.31946204978942,0.818970848901759,"Bacteroidetes_unclassified","weir"
0.75,0.0751785004602383,7.31946204978942,0.818970848901759,"Barnesiella","weir"
Inf,0.291586723470984,Inf,0.237255826623495,"Betaproteobacteria_unclassified","weir"
0.5,0.0368020879343944,6.57268763661365,0.65761917660119,"Bifidobacteriaceae_unclassified","weir"
0.133333333333333,0.0113444233596051,1.74397934910942,0.136843866042929,"Bifidobacterium","weir"
0.133333333333333,0.0113444233596051,1.74397934910942,0.136843866042929,"Bilophila","weir"
0.75,0.0751785004602383,7.31946204978942,0.818970848901759,"Blautia","weir"
Inf,0.133251092065467,Inf,0.427879807918249,"Burkholderiales_unclassified","weir"
4,0.329290440729643,41.9499521538374,0.303052329490083,"Butyricimonas","weir"
Inf,0.133251092065467,Inf,0.427879807918249,"Campylobacter","weir"
2.25,0.185782106392,23.1298303317064,0.553680228249833,"Cloacibacillus","weir"
Inf,1.5706494211272,Inf,0.0220974552842271,"Clostridia_unclassified","weir"
0.75,0.0751785004602383,7.31946204978942,0.818970848901759,"Clostridiaceae_1_unclassified","weir"
0.75,0.0751785004602383,7.31946204978942,0.818970848901759,"Clostridiales_unclassified","weir"
2.25,0.185782106392,23.1298303317064,0.553680228249833,"Clostridium_IV","weir"
Inf,0.133251092065467,Inf,0.427879807918249,"Clostridium_sensu_stricto","weir"
0.75,0.0751785004602383,7.31946204978942,0.818970848901759,"Clostridium_XI","weir"
4,0.329290440729643,41.9499521538374,0.303052329490083,"Clostridium_XlVa","weir"
Inf,1.5706494211272,Inf,0.0220974552842271,"Clostridium_XlVb","weir"
2.25,0.185782106392,23.1298303317064,0.553680228249833,"Collinsella","weir"
Inf,0.133251092065467,Inf,0.427879807918249,"Coriobacteriaceae_unclassified","weir"
Inf,0.133251092065467,Inf,0.427879807918249,"Deltaproteobacteria_unclassified","weir"
Inf,0.530970063407731,Inf,0.124710412652684,"Desulfovibrio","weir"
1.2,0.0952957623816028,12.9421638561499,0.898195206188072,"Desulfovibrionales_unclassified","weir"
0.133333333333333,0.0113444233596051,1.74397934910942,0.136843866042929,"Dialister","weir"
0.75,0.0751785004602383,7.31946204978942,0.818970848901759,"Dorea","weir"
Inf,0.911654698771175,Inf,0.0580640341669226,"Enterobacteriaceae_unclassified","weir"
Inf,0.530970063407731,Inf,0.124710412652684,"Erysipelotrichaceae_unclassified","weir"
4,0.329290440729643,41.9499521538374,0.303052329490083,"Escherichia.Shigella","weir"
Inf,0.133251092065467,Inf,0.427879807918249,"Eubacterium","weir"
0.133333333333333,0.0113444233596051,1.74397934910942,0.136843866042929,"Faecalibacterium","weir"
0.75,0.0751785004602383,7.31946204978942,0.818970848901759,"Firmicutes_unclassified","weir"
0.75,0.0751785004602383,7.31946204978942,0.818970848901759,"Flavonifractor","weir"
Inf,0.530970063407731,Inf,0.124710412652684,"Fusobacterium","weir"
Inf,0.291586723470984,Inf,0.237255826623495,"Howardella","weir"
0.75,0.0751785004602383,7.31946204978942,0.818970848901759,"Lachnospiraceae_unclassified","weir"
Inf,0.133251092065467,Inf,0.427879807918249,"Lactobacillaceae_unclassified","weir"
2.25,0.185782106392,23.1298303317064,0.553680228249833,"Lactobacillales_unclassified","weir"
Inf,0.133251092065467,Inf,0.427879807918249,"Lactobacillus","weir"
1.2,0.0952957623816028,12.9421638561499,0.898195206188072,"Lactococcus","weir"
0,0,2.18016766144299,0.165306509670954,"Megamonas","weir"
Inf,0.291586723470984,Inf,0.237255826623495,"Megasphaera","weir"
0.75,0.0751785004602383,7.31946204978942,0.818970848901759,"Odoribacter","weir"
4,0.329290440729643,41.9499521538374,0.303052329490083,"Oscillibacter","weir"
0.75,0.0751785004602383,7.31946204978942,0.818970848901759,"Parabacteroides","weir"
1.2,0.0952957623816028,12.9421638561499,0.898195206188072,"Paraprevotella","weir"
4,0.329290440729643,41.9499521538374,0.303052329490083,"Parasutterella","weir"
Inf,0.291586723470984,Inf,0.237255826623495,"Parvimonas","weir"
2.25,0.185782106392,23.1298303317064,0.553680228249833,"Pasteurellaceae_unclassified","weir"
Inf,0.530970063407731,Inf,0.124710412652684,"Peptostreptococcaceae_unclassified","weir"
Inf,0.133251092065467,Inf,0.427879807918249,"Peptostreptococcus","weir"
4,0.329290440729643,41.9499521538374,0.303052329490083,"Phascolarctobacterium","weir"
Inf,0.911654698771175,Inf,0.0580640341669226,"Porphyromonadaceae_unclassified","weir"
Inf,0.291586723470984,Inf,0.237255826623495,"Porphyromonas","weir"
1.2,0.0952957623816028,12.9421638561499,0.898195206188072,"Prevotella","weir"
0,0,2.18016766144299,0.165306509670954,"Prevotellaceae_unclassified","weir"
Inf,0.133251092065467,Inf,0.427879807918249,"Proteobacteria_unclassified","weir"
Inf,0.530970063407731,Inf,0.124710412652684,"Pseudoflavonifractor","weir"
0.133333333333333,0.0113444233596051,1.74397934910942,0.136843866042929,"Roseburia","weir"
0.75,0.0751785004602383,7.31946204978942,0.818970848901759,"Ruminococcaceae_unclassified","weir"
0.133333333333333,0.0113444233596051,1.74397934910942,0.136843866042929,"Ruminococcus","weir"
4,0.329290440729643,41.9499521538374,0.303052329490083,"Ruminococcus2","weir"
0.75,0.0751785004602383,7.31946204978942,0.818970848901759,"Selenomonadales_unclassified","weir"
NA,NA,NA,NA,"Slackia","weir"
0.75,0.0751785004602383,7.31946204978942,0.818970848901759,"Streptococcus","weir"
0.0555555555555556,0.00321378838431366,0.93854247294817,0.0440447116472535,"Sutterella","weir"
Inf,0.133251092065467,Inf,0.427879807918249,"Synergistaceae_unclassified","weir"
1.2,0.0952957623816028,12.9421638561499,0.898195206188072,"Turicibacter","weir"
4,0.329290440729643,41.9499521538374,0.303052329490083,"Veillonella","weir"
0.75,0.0751785004602383,7.31946204978942,0.818970848901759,"Veillonellaceae_unclassified","weir"
1.50694444444444,0.726941453001008,3.13013597346425,0.274482633927787,"Acidaminococcus","ahn"
0.442690459849005,0.228798778687301,0.857394515871394,0.0151942580737244,"Actinobacteria_unclassified","ahn"
1.36944444444444,0.697247226396866,2.69237853294473,0.364874678250564,"Actinomycetales_unclassified","ahn"
0.905806451612903,0.435212432014298,1.89091392043769,0.794369089130424,"Akkermansia","ahn"
0.9125,0.505791859993515,1.64624288340796,0.762224442950774,"Alistipes","ahn"
0.46,0.110341749767313,1.9388787420453,0.314630897558882,"Alloprevotella","ahn"
0.590163934426229,0.0872692413715416,4.04321781428947,0.636555035337927,"Alphaproteobacteria_unclassified","ahn"
3.64,1.16555241908853,11.3449556444732,0.024247651552441,"Anaerococcus","ahn"
0.685714285714286,0.268962264182825,1.75697438531677,0.441363732616314,"Anaerotruncus","ahn"
2.07602339181287,0.645764880044107,6.68741412382021,0.23408847899446,"Bacilli_unclassified","ahn"
0.630801687763713,0.347558043947425,1.14487573001113,0.130329203988139,"Bacteria_unclassified","ahn"
1.20114942528736,0.665122933993386,2.16916282409004,0.545097943300432,"Bacteroidales_unclassified","ahn"
0.692307692307692,0.382209792486053,1.25399702009438,0.226185285702752,"Bacteroides","ahn"
0.551948051948052,0.293070318192912,1.04053969225422,0.066048892662668,"Bacteroidetes_unclassified","ahn"
0.526227865018376,0.285055235438869,0.971445991845969,0.0399455720697106,"Barnesiella","ahn"
0.531440162271805,0.179967107811158,1.580353159828,0.267261837656195,"Betaproteobacteria_unclassified","ahn"
0.443526170798898,0.188637347733636,1.04700108166806,0.0638979891553058,"Bifidobacteriaceae_unclassified","ahn"
0.630801687763713,0.347558043947425,1.14487573001113,0.130329203988139,"Bifidobacterium","ahn"
0.72463768115942,0.375268928826328,1.40206250285454,0.34133803826703,"Bilophila","ahn"
1.0958904109589,0.607443780063518,1.97709785209438,0.762224442950774,"Blautia","ahn"
0.902366863905326,0.412013143610428,1.98224549683279,0.80080301374873,"Burkholderiales_unclassified","ahn"
0.443166129774505,0.203563053728835,0.967690320083856,0.0407018427950468,"Butyricimonas","ahn"
1.83050847457627,0.444388394480063,7.56280689753117,0.431528749051766,"Campylobacter","ahn"
0.785310734463277,0.222372168081374,2.79560145123372,0.723484652435354,"Cloacibacillus","ahn"
0.346035304006725,0.185210950459562,0.647154888807805,0.000767873845964107,"Clostridia_unclassified","ahn"
0.759358288770054,0.420066013691259,1.37270093730457,0.364045735157223,"Clostridiaceae_1_unclassified","ahn"
0.522417153996101,0.286405622342425,0.953866059743578,0.0341812531679958,"Clostridiales_unclassified","ahn"
1.23409422049539,0.683365742412774,2.22865802386122,0.487380599791736,"Clostridium_IV","ahn"
1.3677811550152,0.676504587171388,2.76819425738542,0.387563737100846,"Clostridium_sensu_stricto","ahn"
0.574324324324324,0.315808309609932,1.04550218563888,0.0694676865246502,"Clostridium_XI","ahn"
1.12298136645963,0.570619714295229,2.21224084086207,0.739411820303752,"Clostridium_XlVa","ahn"
1.64826700898588,0.885747890685882,3.07028777109286,0.115521879418965,"Clostridium_XlVb","ahn"
0.692307692307692,0.382209792486053,1.25399702009438,0.226185285702752,"Collinsella","ahn"
0.430722891566265,0.234255310085524,0.79275783102088,0.00646824711921568,"Coriobacteriaceae_unclassified","ahn"
0.814545454545454,0.333525321018246,1.99727629745594,0.660631384207875,"Deltaproteobacteria_unclassified","ahn"
0.877358490566038,0.388760999929617,1.98597468602693,0.757480891030267,"Desulfovibrio","ahn"
0.951724137931035,0.303532501231364,3.00207427159839,0.935551042525212,"Desulfovibrionales_unclassified","ahn"
0.839475839475839,0.461148145758241,1.52818501287679,0.568766727833401,"Dialister","ahn"
1.0958904109589,0.607443780063518,1.97709785209438,0.762224442950774,"Dorea","ahn"
1.31276297335203,0.661079733661618,2.60947338571913,0.440790379724055,"Enterobacteriaceae_unclassified","ahn"
0.9125,0.505791859993515,1.64624288340796,0.762224442950774,"Erysipelotrichaceae_unclassified","ahn"
2.078125,1.13701873914577,3.79438709131557,0.0169918516333356,"Escherichia.Shigella","ahn"
0.994152046783626,0.34934331978081,2.84614907580499,0.991571082474055,"Eubacterium","ahn"
0.759358288770054,0.420066013691259,1.37270093730457,0.364045735157223,"Faecalibacterium","ahn"
1,0.554292449307962,1.80410179003612,1,"Firmicutes_unclassified","ahn"
1.44444444444444,0.797450060865963,2.61636415303642,0.226185285702752,"Flavonifractor","ahn"
3.23308270676692,1.58793383363813,6.58923967166289,0.000963023618596792,"Fusobacterium","ahn"
1.16300366300366,0.52050806683107,2.60637519042687,0.717733616491101,"Howardella","ahn"
0.474671669793621,0.259191713350048,0.870160949143351,0.0154996923583356,"Lachnospiraceae_unclassified","ahn"
1.20689655172414,0.372053615019516,3.9385741765989,0.765747834078953,"Lactobacillaceae_unclassified","ahn"
2.19512195121951,1.13225445145998,4.25997790062737,0.0194483166865993,"Lactobacillales_unclassified","ahn"
0.997202797202797,0.5418023707644,1.83721571901479,0.99286269595549,"Lactobacillus","ahn"
1.36944444444444,0.697247226396866,2.69237853294473,0.364874678250564,"Lactococcus","ahn"
0.295555555555556,0.0733465678409519,1.20292688902498,0.0940445375597618,"Megamonas","ahn"
2.2880658436214,0.86487990370088,6.06525947493392,0.098267889222921,"Megasphaera","ahn"
1.05590062111801,0.56177813406883,1.9866224406348,0.866904203675629,"Odoribacter","ahn"
0.536842105263158,0.2943138372877,0.980204152437991,0.0424897279708815,"Oscillibacter","ahn"
0.832535885167464,0.461007347578666,1.50348146018063,0.545097943300432,"Parabacteroides","ahn"
1.05729166666667,0.522936479900641,2.14194756085495,0.878183237044704,"Paraprevotella","ahn"
0.571666666666667,0.290190381912754,1.12842027353809,0.10765393338726,"Parasutterella","ahn"
2.2880658436214,0.86487990370088,6.06525947493392,0.098267889222921,"Parvimonas","ahn"
1.6547619047619,0.584978104719415,4.69497895327563,0.355971488130615,"Pasteurellaceae_unclassified","ahn"
0.49523110785033,0.255698027929397,0.961073517566336,0.0373867398590307,"Peptostreptococcaceae_unclassified","ahn"
7.16049382716049,1.9736120096473,25.7722034045833,0.00125122620192553,"Peptostreptococcus","ahn"
0.917647058823529,0.507629070066339,1.65884141437651,0.777161585442643,"Phascolarctobacterium","ahn"
0.648062015503876,0.346174172700077,1.21443017263775,0.176930407279014,"Porphyromonadaceae_unclassified","ahn"
3.70666666666667,1.50414713753697,9.12520576153729,0.00344726081856794,"Porphyromonas","ahn"
0.783255086071988,0.431988115312005,1.42157155861558,0.423414454797127,"Prevotella","ahn"
1.02659069325736,0.557212253467749,1.89135907353772,0.93328356603732,"Prevotellaceae_unclassified","ahn"
0.330210772833724,0.0521068486828055,2.12209465389427,0.281798693498369,"Proteobacteria_unclassified","ahn"
1.14161220043573,0.475457174268802,2.75208667688247,0.772442527650246,"Pseudoflavonifractor","ahn"
0.474671669793621,0.259191713350048,0.870160949143351,0.0154996923583356,"Roseburia","ahn"
0.574324324324324,0.315808309609932,1.04550218563888,0.0694676865246502,"Ruminococcaceae_unclassified","ahn"
0.522417153996101,0.286405622342425,0.953866059743578,0.0341812531679958,"Ruminococcus","ahn"
0.692307692307692,0.382209792486053,1.25399702009438,0.226185285702752,"Ruminococcus2","ahn"
1.22121212121212,0.669507145606631,2.22977516197793,0.516845308581556,"Selenomonadales_unclassified","ahn"
0.811820330969267,0.423793447212431,1.55823790497599,0.533367891238546,"Slackia","ahn"
1,0.554292449307962,1.80410179003612,1,"Streptococcus","ahn"
1.27906976744186,0.66904711557818,2.45019088607318,0.460092754720366,"Sutterella","ahn"
0.671428571428571,0.154436730455295,2.94842314636521,0.62353737766383,"Synergistaceae_unclassified","ahn"
0.692307692307692,0.382209792486053,1.25399702009438,0.226185285702752,"Turicibacter","ahn"
0.9125,0.505791859993515,1.64624288340796,0.762224442950774,"Veillonella","ahn"
1.09250398724083,0.379326979564446,3.16229743509514,0.874859517366986,"Veillonellaceae_unclassified","ahn"
0.666666666666667,0.292172607125628,1.52117082027933,0.337769732549572,"Acidaminococcus","zeller"
1.575,0.688191145635763,3.60455814599062,0.284496331270945,"Actinobacteria_unclassified","zeller"
1.48351648351648,0.617853028344232,3.56560844886656,0.381844073602232,"Actinomycetales_unclassified","zeller"
1.94957983193277,0.848463640497141,4.47969876334591,0.116449899613527,"Akkermansia","zeller"
1.62626262626263,0.71130077422995,3.71444561465209,0.250784826776982,"Alistipes","zeller"
1.23260869565217,0.541823970639844,2.80409188025251,0.620079220057665,"Alloprevotella","zeller"
2.54934210526316,1.09735078639385,5.92257758435231,0.0290966828172848,"Alphaproteobacteria_unclassified","zeller"
0.779166666666667,0.317448634843483,1.9162643532361,0.591093795009536,"Anaerococcus","zeller"
1.94957983193277,0.848463640497141,4.47969876334591,0.116449899613527,"Anaerotruncus","zeller"
0.603395061728395,0.263651516699572,1.38093497460546,0.233772165937116,"Bacilli_unclassified","zeller"
1.62626262626263,0.71130077422995,3.71444561465209,0.250784826776982,"Bacteria_unclassified","zeller"
3.42857142857143,1.45094598430549,8.10168136372284,0.0045959787044676,"Bacteroidales_unclassified","zeller"
1.35926773455378,0.596903214784041,3.09532387904364,0.467201513990866,"Bacteroides","zeller"
2.8280701754386,1.21125938407339,6.60302906410402,0.0158365384864748,"Bacteroidetes_unclassified","zeller"
1.62626262626263,0.71130077422995,3.71444561465209,0.250784826776982,"Barnesiella","zeller"
0.941295546558704,0.403559015943681,2.19555819834516,0.889614403957042,"Betaproteobacteria_unclassified","zeller"
0.797202797202797,0.350430421681446,1.81357627804838,0.591146063724279,"Bifidobacteriaceae_unclassified","zeller"
0.463448275862069,0.200889470233171,1.06916656283789,0.0716411393648712,"Bifidobacterium","zeller"
1.94957983193277,0.848463640497141,4.47969876334591,0.116449899613527,"Bilophila","zeller"
0.463448275862069,0.200889470233171,1.06916656283789,0.0716411393648712,"Blautia","zeller"
1.62626262626263,0.71130077422995,3.71444561465209,0.250784826776982,"Burkholderiales_unclassified","zeller"
2.8280701754386,1.21125938407339,6.60302906410402,0.0158365384864748,"Butyricimonas","zeller"
2.36559139784946,0.801885896154945,6.94378878571236,0.122382083448564,"Campylobacter","zeller"
0.417771883289125,0.180007518809583,0.969589201724221,0.0419600626799662,"Cloacibacillus","zeller"
0.797202797202797,0.350430421681446,1.81357627804838,0.591146063724279,"Clostridia_unclassified","zeller"
0.711764705882353,0.291440521451737,1.74177124928707,0.460870178931317,"Clostridiaceae_1_unclassified","zeller"
0.952380952380952,0.419061502512508,2.16443045476595,0.907834284533189,"Clostridiales_unclassified","zeller"
1.94957983193277,0.848463640497141,4.47969876334591,0.116449899613527,"Clostridium_IV","zeller"
0.797202797202797,0.350430421681446,1.81357627804838,0.591146063724279,"Clostridium_sensu_stricto","zeller"
0.463448275862069,0.200889470233171,1.06916656283789,0.0716411393648712,"Clostridium_XI","zeller"
1.35926773455378,0.596903214784041,3.09532387904364,0.467201513990866,"Clostridium_XlVa","zeller"
1.62626262626263,0.71130077422995,3.71444561465209,0.250784826776982,"Clostridium_XlVb","zeller"
0,0,1.53225294974603,0.110723548098957,"Collinsella","zeller"
1.62626262626263,0.71130077422995,3.71444561465209,0.250784826776982,"Coriobacteriaceae_unclassified","zeller"
0.800480769230769,0.308379615769592,2.08409914396987,0.653551242762934,"Deltaproteobacteria_unclassified","zeller"
2.34375,1.01289623141894,5.4232248991634,0.0464527747517763,"Desulfovibrio","zeller"
4.80745341614907,1.78123337149826,12.9103780231739,0.00147516554773752,"Desulfovibrionales_unclassified","zeller"
1.94957983193277,0.848463640497141,4.47969876334591,0.116449899613527,"Dialister","zeller"
0.463448275862069,0.200889470233171,1.06916656283789,0.0716411393648712,"Dorea","zeller"
1.62626262626263,0.71130077422995,3.71444561465209,0.250784826776982,"Enterobacteriaceae_unclassified","zeller"
1.94957983193277,0.848463640497141,4.47969876334591,0.116449899613527,"Erysipelotrichaceae_unclassified","zeller"
2.8280701754386,1.21125938407339,6.60302906410402,0.0158365384864748,"Escherichia.Shigella","zeller"
0.556547619047619,0.24269604366313,1.27626823903858,0.167590782753336,"Eubacterium","zeller"
0.666666666666667,0.292172607125628,1.52117082027933,0.337769732549572,"Faecalibacterium","zeller"
1.1375,0.500516582063377,2.58514162441107,0.759882867638107,"Firmicutes_unclassified","zeller"
2.8280701754386,1.21125938407339,6.60302906410402,0.0158365384864748,"Flavonifractor","zeller"
6.36363636363636,2.55920718623708,15.8077910119197,4.16227570306793e-05,"Fusobacterium","zeller"
1.40909090909091,0.613241059912608,3.24101378266479,0.422087372432364,"Howardella","zeller"
0.797202797202797,0.350430421681446,1.81357627804838,0.591146063724279,"Lachnospiraceae_unclassified","zeller"
1.27272727272727,0.444560137041064,3.6473232985907,0.661450958799974,"Lactobacillaceae_unclassified","zeller"
0.797202797202797,0.350430421681446,1.81357627804838,0.591146063724279,"Lactobacillales_unclassified","zeller"
0.556547619047619,0.24269604366313,1.27626823903858,0.167590782753336,"Lactobacillus","zeller"
1.03174603174603,0.453983294388552,2.34479965932978,0.940907693957033,"Lactococcus","zeller"
1.17391304347826,0.511401759856492,2.69469513369509,0.707228157328918,"Megamonas","zeller"
1.03174603174603,0.453983294388552,2.34479965932978,0.940907693957033,"Megasphaera","zeller"
2.34375,1.01289623141894,5.4232248991634,0.0464527747517763,"Odoribacter","zeller"
1.94957983193277,0.848463640497141,4.47969876334591,0.116449899613527,"Oscillibacter","zeller"
3.42857142857143,1.45094598430549,8.10168136372284,0.0045959787044676,"Parabacteroides","zeller"
1.1375,0.500516582063377,2.58514162441107,0.759882867638107,"Paraprevotella","zeller"
0.797202797202797,0.350430421681446,1.81357627804838,0.591146063724279,"Parasutterella","zeller"
2.54934210526316,1.09735078639385,5.92257758435231,0.0290966828172848,"Parvimonas","zeller"
0.863636363636364,0.379632956821568,1.96470763455242,0.7282307719307,"Pasteurellaceae_unclassified","zeller"
1.1375,0.500516582063377,2.58514162441107,0.759882867638107,"Peptostreptococcaceae_unclassified","zeller"
4.09821428571429,1.71537017102158,9.79109967945303,0.00128880033882006,"Peptostreptococcus","zeller"
1.03174603174603,0.453983294388552,2.34479965932978,0.940907693957033,"Phascolarctobacterium","zeller"
1.94957983193277,0.848463640497141,4.47969876334591,0.116449899613527,"Porphyromonadaceae_unclassified","zeller"
2.51136363636364,1.01808095455375,6.18874819256776,0.0453326910304827,"Porphyromonas","zeller"
1.1375,0.500516582063377,2.58514162441107,0.759882867638107,"Prevotella","zeller"
1.1375,0.500516582063377,2.58514162441107,0.759882867638107,"Prevotellaceae_unclassified","zeller"
0.797202797202797,0.350430421681446,1.81357627804838,0.591146063724279,"Proteobacteria_unclassified","zeller"
0.863636363636364,0.379632956821568,1.96470763455242,0.7282307719307,"Pseudoflavonifractor","zeller"
0.463448275862069,0.200889470233171,1.06916656283789,0.0716411393648712,"Roseburia","zeller"
1.1375,0.500516582063377,2.58514162441107,0.759882867638107,"Ruminococcaceae_unclassified","zeller"
0.317801672640382,0.135165112183148,0.747965946265554,0.00818836676066659,"Ruminococcus","zeller"
0.952380952380952,0.419061502512508,2.16443045476595,0.907834284533189,"Ruminococcus2","zeller"
1.76455026455026,0.77024427514881,4.04240282801565,0.180584961748081,"Selenomonadales_unclassified","zeller"
0.376068376068376,0.082365966525059,1.74823264281207,0.232576639014511,"Slackia","zeller"
0.463448275862069,0.200889470233171,1.06916656283789,0.0716411393648712,"Streptococcus","zeller"
0.863636363636364,0.379632956821568,1.96470763455242,0.7282307719307,"Sutterella","zeller"
Inf,0.641585997498167,Inf,0.114293000558714,"Synergistaceae_unclassified","zeller"
0.797202797202797,0.350430421681446,1.81357627804838,0.591146063724279,"Turicibacter","zeller"
0.952380952380952,0.419061502512508,2.16443045476595,0.907834284533189,"Veillonella","zeller"
1.47368421052632,0.646501092040823,3.35922890013839,0.358960787700709,"Veillonellaceae_unclassified","zeller"
1.31836734693878,0.824705280936541,2.10753162572282,0.248659178903866,"Acidaminococcus","baxter"
1.67532467532468,1.0089424120622,2.78183644001548,0.0457016693246953,"Actinobacteria_unclassified","baxter"
0.960170697012802,0.544591918623276,1.69457104229972,0.889098031381383,"Actinomycetales_unclassified","baxter"
1.05822532402792,0.663961229215318,1.68660576422126,0.811970495180181,"Akkermansia","baxter"
0.797222222222222,0.500200320863302,1.27061748082851,0.341330860369903,"Alistipes","baxter"
1.38429172510519,0.782013152649918,2.4504237220324,0.266205989223972,"Alloprevotella","baxter"
1.16186252771619,0.681767232389808,1.9800372754483,0.582750690526885,"Alphaproteobacteria_unclassified","baxter"
2.19817199833818,1.26433307885577,3.8217461957501,0.00497416816376595,"Anaerococcus","baxter"
1.32432432432432,0.830089362565926,2.11282663661142,0.239150436627966,"Anaerotruncus","baxter"
1.94252873563218,0.476320410352937,7.90619565381988,0.382416835754817,"Bacilli_unclassified","baxter"
0.711462450592885,0.445946209138425,1.13506698393418,0.153491017048968,"Bacteria_unclassified","baxter"
0.961087949176097,0.597017315086553,1.54717463415212,0.870394345030212,"Bacteroidales_unclassified","baxter"
0.753169907016061,0.472088533401949,1.20160704761621,0.23427298849897,"Bacteroides","baxter"
1.1851616994293,0.74360478898465,1.88891770817137,0.475441030051292,"Bacteroidetes_unclassified","baxter"
1.25435540069686,0.787018921971662,1.99919903744582,0.341330860369903,"Barnesiella","baxter"
0.684618364974816,0.409018845453148,1.14591860710359,0.149693456822114,"Betaproteobacteria_unclassified","baxter"
Inf,2.32496690517493,Inf,0.00304481154817016,"Bifidobacteriaceae_unclassified","baxter"
1.11986863711002,0.702638029890537,1.78485324026373,0.634238622037127,"Bifidobacterium","baxter"
1.1851616994293,0.74360478898465,1.88891770817137,0.475441030051292,"Bilophila","baxter"
1,0.628056402879092,1.59221368561147,1,"Blautia","baxter"
0.63062075016451,0.359828423690068,1.10630563585345,0.108105282304843,"Burkholderiales_unclassified","baxter"
0.797222222222222,0.500200320863302,1.27061748082851,0.341330860369903,"Butyricimonas","baxter"
1.40384615384615,0.765031225932615,2.57608311512533,0.275737546226392,"Campylobacter","baxter"
1.63391812865497,0.988935739152719,2.69955705457126,0.0550526611260174,"Cloacibacillus","baxter"
1.35909090909091,0.851881133401375,2.16829323569871,0.198019457790238,"Clostridia_unclassified","baxter"
1.25396825396825,0.567424098208926,2.77395483080559,0.58285971546,"Clostridiaceae_1_unclassified","baxter"
0.843766720171215,0.529403687452371,1.34480037623943,0.475441030051292,"Clostridiales_unclassified","baxter"
0.892961876832844,0.560270154117681,1.42320790714358,0.634238622037127,"Clostridium_IV","baxter"
0.944978330506878,0.592906784272566,1.50611203786977,0.811970495180181,"Clostridium_sensu_stricto","baxter"
0.797222222222222,0.500200320863302,1.27061748082851,0.341330860369903,"Clostridium_XI","baxter"
1.48817769285885,0.931861148660545,2.3766124907193,0.095874227745313,"Clostridium_XlVa","baxter"
1.66921313980137,1.04313388900171,2.67105932945199,0.0322770527789867,"Clostridium_XlVb","baxter"
1.1851616994293,0.74360478898465,1.88891770817137,0.475441030051292,"Collinsella","baxter"
1.48817769285885,0.931861148660545,2.3766124907193,0.095874227745313,"Coriobacteriaceae_unclassified","baxter"
Inf,1.1326631336616,Inf,0.0371256876761289,"Deltaproteobacteria_unclassified","baxter"
1.5576354679803,0.974379560598345,2.49002375380319,0.0638880917789266,"Desulfovibrio","baxter"
0.682242990654206,0.338450721935308,1.37662863039822,0.289821533870177,"Desulfovibrionales_unclassified","baxter"
1.66921313980137,1.04313388900171,2.67105932945199,0.0322770527789867,"Dialister","baxter"
0.797222222222222,0.500200320863302,1.27061748082851,0.341330860369903,"Dorea","baxter"
1.70897832817337,1.06798417001394,2.73469121375473,0.0251704957627912,"Enterobacteriaceae_unclassified","baxter"
0.797222222222222,0.500200320863302,1.27061748082851,0.341330860369903,"Erysipelotrichaceae_unclassified","baxter"
1.57593688362919,0.985828019306994,2.51928025227845,0.0570303834936482,"Escherichia.Shigella","baxter"
1.66921313980137,1.04313388900171,2.67105932945199,0.0322770527789867,"Eubacterium","baxter"
0.533614055466822,0.332803101963566,0.855592867108914,0.00887759895451712,"Faecalibacterium","baxter"
0.753169907016061,0.472088533401949,1.20160704761621,0.23427298849897,"Firmicutes_unclassified","baxter"
0.843766720171215,0.529403687452371,1.34480037623943,0.475441030051292,"Flavonifractor","baxter"
2.26348228043143,1.40464577340791,3.64743348879836,0.000728184716496272,"Fusobacterium","baxter"
2.29259896729776,1.31338366900332,4.00188471114719,0.00326640786294374,"Howardella","baxter"
0.671962766811106,0.420766954606615,1.07312124927345,0.095874227745313,"Lachnospiraceae_unclassified","baxter"
0,0,1.82936013038124,0.145885861872607,"Lactobacillaceae_unclassified","baxter"
0.634543178973717,0.396938768164279,1.01437571302038,0.0570303834936482,"Lactobacillales_unclassified","baxter"
1.05822532402792,0.663961229215318,1.68660576422126,0.811970495180181,"Lactobacillus","baxter"
0.671962766811106,0.420766954606615,1.07312124927345,0.095874227745313,"Lactococcus","baxter"
1.91119691119691,0.715240252881647,5.10691843566171,0.205073208952876,"Megamonas","baxter"
1.01822567676226,0.591540724109231,1.75268326686925,0.948268457122758,"Megasphaera","baxter"
0.711462450592885,0.445946209138425,1.13506698393418,0.153491017048968,"Odoribacter","baxter"
1.11986863711002,0.702638029890537,1.78485324026373,0.634238622037127,"Oscillibacter","baxter"
1.25435540069686,0.787018921971662,1.99919903744582,0.341330860369903,"Parabacteroides","baxter"
0.843766720171215,0.529403687452371,1.34480037623943,0.475441030051292,"Paraprevotella","baxter"
1.05822532402792,0.663961229215318,1.68660576422126,0.811970495180181,"Parasutterella","baxter"
3.31208791208791,1.97877597673174,5.54379397485785,3.48275845618584e-06,"Parvimonas","baxter"
0.458367458367458,0.285017581233571,0.737150059238157,0.00122625718597613,"Pasteurellaceae_unclassified","baxter"
1.37589471253752,0.86155224165344,2.19729712078238,0.1820971933861,"Peptostreptococcaceae_unclassified","baxter"
5.00568990042674,2.75251874060025,9.10327367063451,3.49180552250417e-08,"Peptostreptococcus","baxter"
0.711462450592885,0.445946209138425,1.13506698393418,0.153491017048968,"Phascolarctobacterium","baxter"
1.05822532402792,0.663961229215318,1.68660576422126,0.811970495180181,"Porphyromonadaceae_unclassified","baxter"
3.02745995423341,1.85264001562179,4.94727183759484,7.57150965124964e-06,"Porphyromonas","baxter"
1.11986863711002,0.702638029890537,1.78485324026373,0.634238622037127,"Prevotella","baxter"
1.34071729957806,0.811474718592247,2.21513108936559,0.252918570738516,"Prevotellaceae_unclassified","baxter"
1.60377358490566,0.987325045745271,2.60510935352566,0.0561888841465024,"Proteobacteria_unclassified","baxter"
0.52987012987013,0.320065647279768,0.878079604205254,0.0133484992188501,"Pseudoflavonifractor","baxter"
0.711462450592885,0.445946209138425,1.13506698393418,0.153491017048968,"Roseburia","baxter"
0.892961876832844,0.560270154117681,1.42320790714358,0.634238622037127,"Ruminococcaceae_unclassified","baxter"
0.753169907016061,0.472088533401949,1.20160704761621,0.23427298849897,"Ruminococcus","baxter"
1.1851616994293,0.74360478898465,1.88891770817137,0.475441030051292,"Ruminococcus2","baxter"
0,0,5.52627252329835,0.402759527394756,"Selenomonadales_unclassified","baxter"
1.29166666666667,0.781005613518038,2.13836002155314,0.320098293713631,"Slackia","baxter"
0.671962766811106,0.420766954606615,1.07312124927345,0.095874227745313,"Streptococcus","baxter"
1.02626262626263,0.606426867935821,1.73675513693586,0.923409170599916,"Sutterella","baxter"
Inf,0.372680357320631,Inf,0.230421299823544,"Synergistaceae_unclassified","baxter"
0.753169907016061,0.472088533401949,1.20160704761621,0.23427298849897,"Turicibacter","baxter"
0.671962766811106,0.420766954606615,1.07312124927345,0.095874227745313,"Veillonella","baxter"
1.62280701754386,0.880826176516099,2.9927994751841,0.121662813629054,"Veillonellaceae_unclassified","baxter"
0,0,3.66286795534478,0.301548647429163,"Acidaminococcus","hale"
2.40104166666667,0.383069980901563,15.4920724822545,0.399079874796249,"Actinobacteria_unclassified","hale"
0,0,37.5006398560087,0.741873726369655,"Actinomycetales_unclassified","hale"
0,0,1.73823116868515,0.135645271759695,"Akkermansia","hale"
1.12976694915254,0.442251042435114,2.88608332581762,0.805019968023855,"Alistipes","hale"
0,0,2.41575239676358,0.204754749792211,"Alloprevotella","hale"
0.933219178082192,0.336565271792061,2.59278295903998,0.898421371160389,"Alphaproteobacteria_unclassified","hale"
0,0,28.0379765686534,0.703412263053766,"Anaerococcus","hale"
1.02771618625277,0.386922668823611,2.73247562170466,0.957796257968859,"Anaerotruncus","hale"
0,0,110.909604093776,0.849485960400671,"Bacilli_unclassified","hale"
1.4468085106383,0.55904664734867,3.74058893416174,0.458956118332773,"Bacteria_unclassified","hale"
0.885138302859822,0.346490342484032,2.26115916990001,0.805019968023855,"Bacteroidales_unclassified","hale"
0.404513888888889,0.146325937912224,1.12050478026979,0.0839901427045454,"Bacteroides","hale"
1.12976694915254,0.442251042435114,2.88608332581762,0.805019968023855,"Bacteroidetes_unclassified","hale"
1.4468085106383,0.55904664734867,3.74058893416174,0.458956118332773,"Barnesiella","hale"
2.29230769230769,0.55872767873481,9.54677746684835,0.274003346858644,"Betaproteobacteria_unclassified","hale"
0,0,9.8610984854277,0.524811355461316,"Bifidobacteriaceae_unclassified","hale"
0,0,4.52388501958345,0.35168974654882,"Bifidobacterium","hale"
0,0,10.8967120631788,0.544701258512763,"Bilophila","hale"
2.47210300429185,0.892454916398688,6.83405836496237,0.0839901427045454,"Blautia","hale"
1.16927083333333,0.191843774005921,7.26323332933191,0.881696051380259,"Burkholderiales_unclassified","hale"
1.4468085106383,0.55904664734867,3.74058893416174,0.458956118332773,"Butyricimonas","hale"
0,0,18.5207731455798,0.6403244383147,"Campylobacter","hale"
0.782142857142857,0.129486762812499,4.79097470736167,0.813764805429676,"Cloacibacillus","hale"
1.88841201716738,0.711675165500034,5.0058475859136,0.210782286026127,"Clostridia_unclassified","hale"
0.455383480825959,0.164727137366338,1.26141371442882,0.136060669754247,"Clostridiaceae_1_unclassified","hale"
1.4468085106383,0.55904664734867,3.74058893416174,0.458956118332773,"Clostridiales_unclassified","hale"
1.12976694915254,0.442251042435114,2.88608332581762,0.805019968023855,"Clostridium_IV","hale"
0.591109331197437,0.222990801324865,1.56849363109181,0.303024474167748,"Clostridium_sensu_stricto","hale"
0.404513888888889,0.146325937912224,1.12050478026979,0.0839901427045454,"Clostridium_XI","hale"
0.404513888888889,0.146325937912224,1.12050478026979,0.0839901427045454,"Clostridium_XlVa","hale"
1.4468085106383,0.55904664734867,3.74058893416174,0.458956118332773,"Clostridium_XlVb","hale"
0.702966101694915,0.271897649413954,1.81927097398029,0.479981160488006,"Collinsella","hale"
0.305494505494506,0.0928670823035561,1.00796914598894,0.0515931411447013,"Coriobacteriaceae_unclassified","hale"
2.43961352657005,0.869356187285802,6.87354255614557,0.0935246047594119,"Deltaproteobacteria_unclassified","hale"
0,0,110.909604093776,0.849485960400671,"Desulfovibrio","hale"
0,0,110.909604093776,0.849485960400671,"Desulfovibrionales_unclassified","hale"
0,0,4.14005661714308,0.330528117039359,"Dialister","hale"
1.87250712250712,0.705681177727926,4.96368651205076,0.217099304221962,"Dorea","hale"
1.9010752688172,0.46662191219117,7.84650945525273,0.399647009158752,"Enterobacteriaceae_unclassified","hale"
1.12976694915254,0.442251042435114,2.88608332581762,0.805019968023855,"Erysipelotrichaceae_unclassified","hale"
0,0,4.52388501958345,0.35168974654882,"Escherichia.Shigella","hale"
0,0,3.52694927655971,0.292549804775738,"Eubacterium","hale"
2.47210300429185,0.892454916398688,6.83405836496237,0.0839901427045454,"Faecalibacterium","hale"
3.3760775862069,1.1398532753343,9.97947583488865,0.0263035507984798,"Firmicutes_unclassified","hale"
1.13936170212766,0.446006940506249,2.91059391766809,0.791790267217467,"Flavonifractor","hale"
3.40561224489796,0.994696287468781,11.8007288112312,0.0509981535110005,"Fusobacterium","hale"
0.807960199004975,0.201915276974742,3.25573687376228,0.779835007003944,"Howardella","hale"
3.3760775862069,1.1398532753343,9.97947583488865,0.0263035507984798,"Lachnospiraceae_unclassified","hale"
0,0,22.3256123125464,0.670038891364759,"Lactobacillaceae_unclassified","hale"
0,0,3.52694927655971,0.292549804775738,"Lactobacillales_unclassified","hale"
0,0,12.162092827483,0.56594208323579,"Lactobacillus","hale"
0,0,13.7520054851589,0.588751252980819,"Lactococcus","hale"
0,0,22.3256123125464,0.670038891364759,"Megamonas","hale"
0,0,37.5006398560087,0.741873726369655,"Megasphaera","hale"
0.892655367231638,0.349432922417869,2.28036213397935,0.818302536714152,"Odoribacter","hale"
1.87250712250712,0.705681177727926,4.96368651205076,0.217099304221962,"Oscillibacter","hale"
0.885138302859822,0.346490342484032,2.26115916990001,0.805019968023855,"Parabacteroides","hale"
0.3712,0.0934169581094996,1.48090269526628,0.175256202722163,"Paraprevotella","hale"
0.302469135802469,0.0506285171785777,1.8215434829863,0.222449326225238,"Parasutterella","hale"
0,0,37.5006398560087,0.741873726369655,"Parvimonas","hale"
0,0,7.6599827177258,0.471708737225686,"Pasteurellaceae_unclassified","hale"
0.491551459293395,0.177810281152015,1.36159913173742,0.180263088870544,"Peptostreptococcaceae_unclassified","hale"
29.5,2.95111583531623,295.478530464583,0.000314377951525446,"Peptostreptococcus","hale"
1.34505494505494,0.403603957265021,4.50950736009665,0.647258045010344,"Phascolarctobacterium","hale"
1.48399014778325,0.573413627799766,3.83671860124332,0.42835339232744,"Porphyromonadaceae_unclassified","hale"
NA,NA,NA,NA,"Porphyromonas","hale"
0.83864118895966,0.302758198538693,2.3276872059215,0.744762315110905,"Prevotella","hale"
1.4224358974359,0.549079992329831,3.68861957180906,0.481040912269867,"Prevotellaceae_unclassified","hale"
0.915319974143504,0.308419136942447,2.72462535766012,0.879025306501502,"Proteobacteria_unclassified","hale"
0.685714285714286,0.17170801350417,2.75486483677317,0.618980161395058,"Pseudoflavonifractor","hale"
2.47210300429185,0.892454916398688,6.83405836496237,0.0839901427045454,"Roseburia","hale"
0.691176470588235,0.267337581755451,1.78875949751705,0.458956118332773,"Ruminococcaceae_unclassified","hale"
0.885138302859822,0.346490342484032,2.26115916990001,0.805019968023855,"Ruminococcus","hale"
3.3760775862069,1.1398532753343,9.97947583488865,0.0263035507984798,"Ruminococcus2","hale"
0,0,5.25347497268231,0.386664998133834,"Selenomonadales_unclassified","hale"
1.62857142857143,0.487214235577366,5.48191371942189,0.450368358805048,"Slackia","hale"
2.29230769230769,0.55872767873481,9.54677746684835,0.274003346858644,"Streptococcus","hale"
1.50363196125908,0.450286351968239,5.05124900702743,0.528430626570499,"Sutterella","hale"
0,0,110.909604093776,0.849485960400671,"Synergistaceae_unclassified","hale"
0,0,6.23661846419451,0.426274103478131,"Turicibacter","hale"
0,0,18.5207731455798,0.6403244383147,"Veillonella","hale"
0,0,9.00458511302831,0.506102437654369,"Veillonellaceae_unclassified","hale"
0.85,0.183029289089973,3.94745564271319,0.848091682015681,"Acidaminococcus","flemer"
0.587837837837838,0.190500839299021,1.8211867877714,0.36812991224934,"Actinobacteria_unclassified","flemer"
1.33783783783784,0.368741721932938,4.81517472277151,0.671733075252307,"Actinomycetales_unclassified","flemer"
0.603174603174603,0.250457256035225,1.45407414934521,0.262206234684251,"Akkermansia","flemer"
0.490909090909091,0.202419852176763,1.19055385598615,0.116492252579885,"Alistipes","flemer"
1.20430107526882,0.448447079394641,3.22445793642072,0.716515909271254,"Alloprevotella","flemer"
0.567741935483871,0.225151052247727,1.4316206923711,0.233465862856093,"Alphaproteobacteria_unclassified","flemer"
Inf,2.10345608731197,Inf,0.00568170648005306,"Anaerococcus","flemer"
1.56818181818182,0.64597299923209,3.80315815106687,0.322761878277649,"Anaerotruncus","flemer"
1.00462962962963,0.317219096925568,3.17529797202167,0.993937709982061,"Bacilli_unclassified","flemer"
0.320987654320988,0.129476411210105,0.795767146027048,0.0136394281950279,"Bacteria_unclassified","flemer"
3.11538461538462,1.25664901471819,7.72341456373293,0.0136394281950279,"Bacteroidales_unclassified","flemer"
2.03703703703704,0.839945202791089,4.94022690584103,0.116492252579885,"Bacteroides","flemer"
0.904306220095694,0.377755289285312,2.16481347289916,0.822571838333593,"Bacteroidetes_unclassified","flemer"
0.739130434782609,0.308139920606562,1.77294067755496,0.501128576692561,"Barnesiella","flemer"
0.959558823529412,0.335841936471623,2.73615141032324,0.939919038435371,"Betaproteobacteria_unclassified","flemer"
0.490909090909091,0.202419852176763,1.19055385598615,0.116492252579885,"Bifidobacteriaceae_unclassified","flemer"
0.739130434782609,0.308139920606562,1.77294067755496,0.501128576692561,"Bifidobacterium","flemer"
1.65789473684211,0.687722837552895,3.99269726032356,0.262206234684251,"Bilophila","flemer"
0.739130434782609,0.308139920606562,1.77294067755496,0.501128576692561,"Blautia","flemer"
1.54545454545455,0.614111737594141,3.88147612623027,0.359270454760094,"Burkholderiales_unclassified","flemer"
0.739130434782609,0.308139920606562,1.77294067755496,0.501128576692561,"Butyricimonas","flemer"
5.83783783783784,0.860673298359062,38.3508721880205,0.0757939147866731,"Campylobacter","flemer"
0.151761517615176,0.0345943953515977,0.681923154263913,0.0108462907419155,"Cloacibacillus","flemer"
0.320987654320988,0.129476411210105,0.795767146027048,0.0136394281950279,"Clostridia_unclassified","flemer"
0.320987654320988,0.129476411210105,0.795767146027048,0.0136394281950279,"Clostridiaceae_1_unclassified","flemer"
0.204244031830239,0.0796329977431016,0.523848476392254,0.000769398262804422,"Clostridiales_unclassified","flemer"
0.490909090909091,0.202419852176763,1.19055385598615,0.116492252579885,"Clostridium_IV","flemer"
0.603174603174603,0.250457256035225,1.45407414934521,0.262206234684251,"Clostridium_sensu_stricto","flemer"
0.603174603174603,0.250457256035225,1.45407414934521,0.262206234684251,"Clostridium_XI","flemer"
1.35294117647059,0.564034664362877,3.24527895649333,0.501128576692561,"Clostridium_XlVa","flemer"
0.904306220095694,0.377755289285312,2.16481347289916,0.822571838333593,"Clostridium_XlVb","flemer"
0.603174603174603,0.250457256035225,1.45407414934521,0.262206234684251,"Collinsella","flemer"
0.490909090909091,0.202419852176763,1.19055385598615,0.116492252579885,"Coriobacteriaceae_unclassified","flemer"
0.371794871794872,0.108375356372814,1.28830005883104,0.123906160724765,"Deltaproteobacteria_unclassified","flemer"
0.958974358974359,0.39423646450911,2.33269092019527,0.927059610201786,"Desulfovibrio","flemer"
1.02424242424242,0.397352603456472,2.63751768575917,0.960972832578195,"Desulfovibrionales_unclassified","flemer"
0.847058823529412,0.351725731695288,2.03996633132498,0.713419189646471,"Dialister","flemer"
1.35294117647059,0.564034664362877,3.24527895649333,0.501128576692561,"Dorea","flemer"
1.65789473684211,0.687722837552895,3.99269726032356,0.262206234684251,"Enterobacteriaceae_unclassified","flemer"
0.603174603174603,0.250457256035225,1.45407414934521,0.262206234684251,"Erysipelotrichaceae_unclassified","flemer"
2.51260504201681,1.02573572302858,6.15478622361713,0.0435761395835277,"Escherichia.Shigella","flemer"
1.03783783783784,0.304341452187603,3.528544993412,0.954564825442759,"Eubacterium","flemer"
1.10582010582011,0.46193356264583,2.64721640798712,0.822571838333593,"Faecalibacterium","flemer"
0.257142857142857,0.102179936171126,0.647117736194835,0.00355576129861779,"Firmicutes_unclassified","flemer"
0.904306220095694,0.377755289285312,2.16481347289916,0.822571838333593,"Flavonifractor","flemer"
2.61,0.983615950898944,6.89793570223743,0.053979349683813,"Fusobacterium","flemer"
0.904306220095694,0.377755289285312,2.16481347289916,0.822571838333593,"Howardella","flemer"
0.490909090909091,0.202419852176763,1.19055385598615,0.116492252579885,"Lachnospiraceae_unclassified","flemer"
1.00462962962963,0.317219096925568,3.17529797202167,0.993937709982061,"Lactobacillaceae_unclassified","flemer"
1.35294117647059,0.564034664362877,3.24527895649333,0.501128576692561,"Lactobacillales_unclassified","flemer"
0.958974358974359,0.39423646450911,2.33269092019527,0.927059610201786,"Lactobacillus","flemer"
0.853658536585366,0.142603496795414,5.11020356065001,0.877348422889607,"Lactococcus","flemer"
1.3125,0.245468661590391,6.94803175601945,0.772206068054852,"Megamonas","flemer"
5.83783783783784,0.860673298359062,38.3508721880205,0.0757939147866731,"Megasphaera","flemer"
1.10582010582011,0.46193356264583,2.64721640798712,0.822571838333593,"Odoribacter","flemer"
0.397993311036789,0.162475180074135,0.974909986606887,0.0435761395835277,"Oscillibacter","flemer"
2.03703703703704,0.839945202791089,4.94022690584103,0.116492252579885,"Parabacteroides","flemer"
1.0230179028133,0.426491239593857,2.45389713156395,0.959647344506338,"Paraprevotella","flemer"
0.904306220095694,0.377755289285312,2.16481347289916,0.822571838333593,"Parasutterella","flemer"
2.18382352941176,0.641678228196607,7.35094080410093,0.221223079075157,"Parvimonas","flemer"
0.559440559440559,0.213590539307883,1.46676306123803,0.241800958866154,"Pasteurellaceae_unclassified","flemer"
0.603174603174603,0.250457256035225,1.45407414934521,0.262206234684251,"Peptostreptococcaceae_unclassified","flemer"
Inf,3.57149722000862,Inf,0.000491473094093253,"Peptostreptococcus","flemer"
1.65789473684211,0.687722837552895,3.99269726032356,0.262206234684251,"Phascolarctobacterium","flemer"
0.904306220095694,0.377755289285312,2.16481347289916,0.822571838333593,"Porphyromonadaceae_unclassified","flemer"
4.91111111111111,1.35092242050845,17.5354015619176,0.0136394281950279,"Porphyromonas","flemer"
1.35294117647059,0.564034664362877,3.24527895649333,0.501128576692561,"Prevotella","flemer"
1.35294117647059,0.564034664362877,3.24527895649333,0.501128576692561,"Prevotellaceae_unclassified","flemer"
1.10582010582011,0.46193356264583,2.64721640798712,0.822571838333593,"Proteobacteria_unclassified","flemer"
1.09848484848485,0.390663316627571,3.07952175754397,0.861454935296922,"Pseudoflavonifractor","flemer"
0.603174603174603,0.250457256035225,1.45407414934521,0.262206234684251,"Roseburia","flemer"
0.739130434782609,0.308139920606562,1.77294067755496,0.501128576692561,"Ruminococcaceae_unclassified","flemer"
0.739130434782609,0.308139920606562,1.77294067755496,0.501128576692561,"Ruminococcus","flemer"
1.65789473684211,0.687722837552895,3.99269726032356,0.262206234684251,"Ruminococcus2","flemer"
0.914956011730205,0.35142507217147,2.37976246270209,0.857466532149122,"Selenomonadales_unclassified","flemer"
0.567951318458418,0.230933031178534,1.39680624505067,0.220389754077243,"Slackia","flemer"
1.10582010582011,0.46193356264583,2.64721640798712,0.822571838333593,"Streptococcus","flemer"
1.65789473684211,0.687722837552895,3.99269726032356,0.262206234684251,"Sutterella","flemer"
Inf,0.222067175586266,Inf,0.350579885409792,"Synergistaceae_unclassified","flemer"
0.769230769230769,0.318134602727628,1.85995478410112,0.563026979714206,"Turicibacter","flemer"
0.904306220095694,0.377755289285312,2.16481347289916,0.822571838333593,"Veillonella","flemer"
2.23888888888889,0.771170882747642,6.45469783338312,0.141877515097703,"Veillonellaceae_unclassified","flemer"
